USE fitmate_db;
DELETE FROM video;
-- 이두

INSERT INTO video (v_id, title, v_writer, category, reg_date) VALUES ("EPO1iJiRNZ4" , "팔근육(알통)을 가장 빠르게 키워주는 운동 1위는!? (덤벨컬vs바벨컬vs해머컬)", "보통사람을 위한 운동채널","이두운동", "2022-06-25" ); 
INSERT INTO video (v_id, title, v_writer, category, reg_date) VALUES ("NqSfpsJn8M8" , "당신에게 필요한 팔 운동을 찾아드립니다", "김강민_Kim Kang min","이두운동", "2020-07-13" ); 
INSERT INTO video (v_id, title, v_writer, category, reg_date) VALUES ("n4L2Kvdtg-8" , "전완근과 이두근 운동, 생각보다 어려운 이두근 운동 - 해머 컬, 얼터네이트 컬", "강경원","이두운동", "2021-09-10" ); 
INSERT INTO video (v_id, title, v_writer, category, reg_date) VALUES ("aE2-pyJiPVg" , "&#39;팔근육&#39;이 최강점인 피지크 선수가 알려주는 이두 운동 Top5! (안드레이 데이우, 멘즈 피지크, 팔 운동 루틴 Part1)", "오늘의 머슬한입","이두운동", "2022-10-28" ); 
INSERT INTO video (v_id, title, v_writer, category, reg_date) VALUES ("045sslkvI3w" , "팔 사이즈를 키우고 팔 근육을 두껍게 만드는 가장 빠른 운동 방법! feat. 이두 운동루틴", "쇠질연구소","이두운동", "2021-11-06" ); 
INSERT INTO video (v_id, title, v_writer, category, reg_date) VALUES ("qkQdIMW1xlw" , "Lv.2 꽉! 차는 머슬핏 만드는 팔 루틴 (이두,삼두) 덤벨필요", "권혁TV","이두운동", "2021-02-05" ); 
INSERT INTO video (v_id, title, v_writer, category, reg_date) VALUES ("JY-RTxvAjAs" , "반팔 꽉차게 입는 방법!! 이두운동 3가지", "준규빌더","이두운동", "2022-04-11" ); 
INSERT INTO video (v_id, title, v_writer, category, reg_date) VALUES ("YHZSd5H6ppY" , "등 + 이두 6가지 최고의 1시간 운동루틴 (+꿀팁포함)", "준규빌더","이두운동", "2022-10-26" ); 
INSERT INTO video (v_id, title, v_writer, category, reg_date) VALUES ("LGndsvHIIas" , "김명섭과 함께하는 🚀쉽고 빠르고 재미있는 팔운동 ㅡ우람한 팔을 위한 이두박근(바벨컬)운동영상!!", "김명섭의 헬스교실","이두운동", "2021-05-18" ); 
INSERT INTO video (v_id, title, v_writer, category, reg_date) VALUES ("JwbdNTw9om8" , "이두근 운동 루틴 l 두꺼운 팔을 위한 4가지 베이직 운동법 l 초급자 상급자 둘다 추천", "홍지원 V 피지크","이두운동", "2021-03-17" ); 
INSERT INTO video (v_id, title, v_writer, category, reg_date) VALUES ("AfHZGfbePsE" , "&#39;조회수 865만회? 세계가 경악한 팔사이즈 키우는 운동법!", "보통사람을 위한 운동채널","이두운동", "2022-04-23" ); 
INSERT INTO video (v_id, title, v_writer, category, reg_date) VALUES ("XAFQmkdH614" , "이두근 운동의 종류가 많은 이유와 최고의 운동 선택 방법", "세계적으로 유명한 운동 정보","이두운동", "2022-03-08" ); 
INSERT INTO video (v_id, title, v_writer, category, reg_date) VALUES ("kuzMjTQRsx0" , "두꺼운 팔 이두근을 만드는 최고의 운동 방법 2가지", "헬마드 (헬스 건강 정보)","이두운동", "2022-08-01" ); 
INSERT INTO video (v_id, title, v_writer, category, reg_date) VALUES ("tONpT5wPXwU" , "도망가다 붙잡혀서, 이두운동 Biceps workout (ENG Subtitle)", "CHUL SOON HWANG","이두운동", "2021-05-20" ); 
INSERT INTO video (v_id, title, v_writer, category, reg_date) VALUES ("HtOSU5gTQZ8" , "내가 고중량 프리웨이트 없이 팔근육 24CM를 늘린 방법 (feat. 이두)", "육체미 빅터","이두운동", "2022-09-17" ); 
INSERT INTO video (v_id, title, v_writer, category, reg_date) VALUES ("1XlFo_Uhbsk" , "여자 팔뚝살? 이두&amp;삼두 묶어서 운동해야 합니다 [여자 팔뚝살 운동루틴]", "핏블리 FITVELY","이두운동", "2022-10-12" ); 
INSERT INTO video (v_id, title, v_writer, category, reg_date) VALUES ("UJ8Xp2SZ3SE" , "팔운동 딱 2가지만 한다면? 왕팔 만드는 운동강의", "지기TV","이두운동", "2021-06-05" ); 
INSERT INTO video (v_id, title, v_writer, category, reg_date) VALUES ("CbCT5TNCDDg" , "팔 사이즈를 가장 빠르게 키우는 &#39;슈퍼세트&#39; 운동법!? (&#39;아놀드 슈워제네거&#39;의 팔운동 핵꿀팁)", "보통사람을 위한 운동채널","이두운동", "2021-04-06" ); 
INSERT INTO video (v_id, title, v_writer, category, reg_date) VALUES ("KMYsY0cPNjQ" , "바벨컬 - 이두 운동 #1 국대 보디빌더에게 코칭 받으면 이런 느낌? 설기관 운동법 시작! 팔로우썰!", "설기관","이두운동", "2021-04-05" ); 
INSERT INTO video (v_id, title, v_writer, category, reg_date) VALUES ("0Vl5X_Qa6aE" , "덤벨 컬(우람한 팔을 위한 팔운동의 기본!!이것만 잘 따라해도 충분히 멋진팔을 만들수 있습니다)", "김명섭의 헬스교실","이두운동", "2022-07-19" ); 
INSERT INTO video (v_id, title, v_writer, category, reg_date) VALUES ("6WPslmiv_yI" , "ENG SUB) 이두 운동시 최악의 실수 7가지, Top 7 Worst Biceps Mistakes to Avoid", "고독한갯츠비","이두운동", "2020-04-30" ); 
INSERT INTO video (v_id, title, v_writer, category, reg_date) VALUES ("Dlg0W_5mq98" , "바벨 컬 기초 l 팔을 굵게 만들고 싶으면 하세요", "강경원","이두운동", "2020-05-16" ); 
INSERT INTO video (v_id, title, v_writer, category, reg_date) VALUES ("6TUvpIgnhx8" , "내가 꼭 하는 이두 운동 2가지 + 바디웨이트 암 컬│이두운동루틴", "고독한갯츠비","이두운동", "2021-10-19" ); 
INSERT INTO video (v_id, title, v_writer, category, reg_date) VALUES ("UVcFmGftT1o" , "이두 운동 기초, 루틴 설정 방법", "훈수두는 중년트레이너 이코치","이두운동", "2022-10-11" ); 
INSERT INTO video (v_id, title, v_writer, category, reg_date) VALUES ("y3aMzyKqvNM" , "덤벨컬 - 이두 운동 #2 [확실하게 팔 키우는 방법]", "설기관","이두운동", "2021-04-12" ); 
INSERT INTO video (v_id, title, v_writer, category, reg_date) VALUES ("jszhGP9wwWE" , "이두 끝판 영상! 바벨/덤벨 컬, 컨센트레이션 컬, 해머컬 하는법 Feat.황철순 I 보디빌더 김준호 Biceps IFBB Pro KIM JUN HO, Hwang Chul Soon", "MONSTERZYM 몬스터짐","이두운동", "2019-07-17" ); 
INSERT INTO video (v_id, title, v_writer, category, reg_date) VALUES ("y2WUr_Bv2UE" , "[꿀팁]굵은 팔뚝을 위하여::이두운동의 정확한 자세 TIP", "키다리형","이두운동", "2018-07-29" ); 
INSERT INTO video (v_id, title, v_writer, category, reg_date) VALUES ("3Ql2PIxWOxs" , "스트레이트바&amp;이지바&amp;덤벨(부상없는 팔-이두운동)", "양선수의 온라인PT","이두운동", "2020-06-10" ); 
INSERT INTO video (v_id, title, v_writer, category, reg_date) VALUES ("9nUi4oTsVI0" , "이두의 끝판왕, 고수를 찾아서 - 제주편", "CHUL SOON HWANG","이두운동", "2021-06-04" ); 
INSERT INTO video (v_id, title, v_writer, category, reg_date) VALUES ("gRQXGt9u0T4" , "팔 둘레 45cm 로 만들어 줄 팔 운동 5가지│팔 운동루틴", "고독한갯츠비","이두운동", "2022-11-07" ); 
INSERT INTO video (v_id, title, v_writer, category, reg_date) VALUES ("BQbFNv2YIQY" , "왕팔 만들기 이두근 운동 실전 바벨컬1편 (박승현TV)", "박승현","이두운동", "2019-01-10" ); 
INSERT INTO video (v_id, title, v_writer, category, reg_date) VALUES ("-04jgeZ5YQY" , "14년차 내추럴 선수가 알려주는 돈 주고도 못 배우는 팔 운동 꿀팁 공개", "지피티","이두운동", "2021-05-13" ); 
INSERT INTO video (v_id, title, v_writer, category, reg_date) VALUES ("7738o4_uic8" , "두꺼운 팔을 만드는 방법 어렵지 않습니다 이 3가지만 기억하세요!", "조준_Jun Cho","이두운동", "2020-07-18" ); 
INSERT INTO video (v_id, title, v_writer, category, reg_date) VALUES ("aOfxmDHa6ME" , "세계 1위 보디빌더가 추천하는 최고의 이두 운동과 꿀팁은!? (크리스 범스테드, 팔 운동)", "오늘의 머슬한입","이두운동", "2022-10-19" ); 
INSERT INTO video (v_id, title, v_writer, category, reg_date) VALUES ("9GcM8R_uuQQ" , "과학이 밝혀낸 가장 효율적으로 &#39;굵은 팔&#39; 만드는 방법 (1/2)", "시금치맨 운동상식","이두운동", "2021-07-01" ); 
INSERT INTO video (v_id, title, v_writer, category, reg_date) VALUES ("XTdKLvc-wGU" , "제가 효과를 보고 추천하는 팔 운동 l 두꺼운 팔 만들기 프로젝트 1탄", "강경원","이두운동", "2021-07-31" ); 
INSERT INTO video (v_id, title, v_writer, category, reg_date) VALUES ("sVk40BvW0qU" , "빠르게 팔을 키우는 최고의 팔 운동 프로그램 [믿고 보는 Jeff형]", "세계적으로 유명한 운동 정보","이두운동", "2022-06-19" ); 
INSERT INTO video (v_id, title, v_writer, category, reg_date) VALUES ("GWlEX1kUv7Q" , "씨범이 알려주는 무조건 팔 커지는 최고의 이두/삼두 운동!", "일반인클라쓰 RONIE","이두운동", "2022-09-09" ); 
INSERT INTO video (v_id, title, v_writer, category, reg_date) VALUES ("3t03ehGkH-Q" , "지금까지 이두가 커지지 않은 이유 :: 굵은 팔 만들기 (덤벨컬,바벨컬)", "키다리형","이두운동", "2020-01-30" ); 
INSERT INTO video (v_id, title, v_writer, category, reg_date) VALUES ("GnuZ9VZwGx0" , "팔운동은 자극부터 알고 무게 치자!! / IFBB PRO 피지크 선수의 팔운동 자극 잡는 방법!!", "이준호의 레즈고TV","이두운동", "2020-06-30" ); 
INSERT INTO video (v_id, title, v_writer, category, reg_date) VALUES ("n-0FCk0vLwk" , "슈퍼스타의 타들어가는 이두운동 5가지", "해골헬스","이두운동", "2022-10-07" ); 
INSERT INTO video (v_id, title, v_writer, category, reg_date) VALUES ("44mGbyq-tTk" , "이두 운동은 전체 가동 범위 사용하지 마세요!", "일반인클라쓰 RONIE","이두운동", "2020-11-25" ); 
INSERT INTO video (v_id, title, v_writer, category, reg_date) VALUES ("BJrM8aAefuc" , "갑작스레 알려주는 이두 운동", "잠백이","이두운동", "2021-09-29" ); 
INSERT INTO video (v_id, title, v_writer, category, reg_date) VALUES ("vLOkYhHC2Tk" , "헬린이, 이두운동 바벨컬만 집중했더니 일어난 변화", "가을우주","이두운동", "2020-07-29" ); 
INSERT INTO video (v_id, title, v_writer, category, reg_date) VALUES ("mo-2QgMf9ng" , "운동백서 I 팔운동 매일매일 하면 팔 근육이 더 커질까?", "한조바디","이두운동", "2019-11-04" ); 
INSERT INTO video (v_id, title, v_writer, category, reg_date) VALUES ("p5hSWfGUVts" , "10분만 투자해주세요 제발... 팔운동 덤벨편", "따라하면 몸이 좋아지는 채널, 고러쉬","이두운동", "2021-07-18" ); 
INSERT INTO video (v_id, title, v_writer, category, reg_date) VALUES ("yzv5Ul1kc70" , "ㅁ두꺼워 질 수 밖에 없는 최고의 팔 운동 루틴!", "일반인클라쓰 RONIE","이두운동", "2022-06-25" ); 
INSERT INTO video (v_id, title, v_writer, category, reg_date) VALUES ("YAoF8LNjg6U" , "&quot;이 생각&quot;으로 해야 이두가 엄청 커집니다!", "어썸블리스 AwesomeBLISS","이두운동", "2022-02-07" ); 
INSERT INTO video (v_id, title, v_writer, category, reg_date) VALUES ("cycA3RMqk_A" , "팔운동(이두)전에 꼭 알아야 할것! 부상을 피하고.관절을 보호하자!", "양선수의 온라인PT","이두운동", "2018-12-09" ); 
INSERT INTO video (v_id, title, v_writer, category, reg_date) VALUES ("--JOAi_8Nbo" , "오늘의 운동 - 슈퍼세트 (이두 / 삼두 운동)", "고독한갯츠비","이두운동", "2020-06-09" ); 

UPDATE video SET category = "이두" WHERE category = "이두운동";

-- 삼두운동

INSERT INTO video (v_id, title, v_writer, category, reg_date) VALUES ("4vSP9HK3EN0" , "&#39;팔 사이즈&#39; 2배 키워주는 미친 운동방법!? (팔둘레 늘리는 삼두근 운동)", "보통사람을 위한 운동채널","삼두운동", "2022-05-07" ); 
INSERT INTO video (v_id, title, v_writer, category, reg_date) VALUES ("OVxquTe8OmU" , "프레스 다운 - 삼두 운동#1", "설기관","삼두운동", "2021-05-06" ); 
INSERT INTO video (v_id, title, v_writer, category, reg_date) VALUES ("ogyGQxuxxn4" , "라잉 트라이셉 익스텐션 l 제가 가장 추천하고 효과적인 삼두 운동", "강경원","삼두운동", "2020-05-22" ); 
INSERT INTO video (v_id, title, v_writer, category, reg_date) VALUES ("yCRy1o7tFnE" , "삼두 운동 딱 하나만 한다면 뭐가 제일 좋을까?", "세계적으로 유명한 운동 정보","삼두운동", "2021-10-16" ); 
INSERT INTO video (v_id, title, v_writer, category, reg_date) VALUES ("5azIr-srI6U" , "어깨와팔꿈치아픈 헬린이들을 위한 삼두운동의 모든것!ㅡ김명섭과 함께 해부학적으로 풀어가는 쉽고 재미있는 팔운동^^", "김명섭의 헬스교실","삼두운동", "2021-11-02" ); 
INSERT INTO video (v_id, title, v_writer, category, reg_date) VALUES ("H7chkYEglGg" , "NABBA 프로 3연속 우승을 만들어준 팔운동", "김강민_Kim Kang min","삼두운동", "2020-07-12" ); 
INSERT INTO video (v_id, title, v_writer, category, reg_date) VALUES ("mQlJ15jx6Q8" , "강력한 왕팔뚝을 만드는 효과적인 삼두근 운동방법", "한조바디","삼두운동", "2020-08-03" ); 
INSERT INTO video (v_id, title, v_writer, category, reg_date) VALUES ("ObEtLS9heOo" , "많은 분들이 잘 못하고 있는 운동, 초중급자 추천 팔 운동 l 케이블 푸쉬다운", "강경원","삼두운동", "2020-07-04" ); 
INSERT INTO video (v_id, title, v_writer, category, reg_date) VALUES ("yDmv4XHu7mI" , "과학이 밝혀낸 가장 효율적으로 &#39;굵은 팔&#39; 만드는 방법 (2/2)", "시금치맨 운동상식","삼두운동", "2021-07-11" ); 
INSERT INTO video (v_id, title, v_writer, category, reg_date) VALUES ("RkL1LAGKG7A" , "케이블만을 이용한 과학적인 삼두 운동[장두 외측두 내측두]", "세계적으로 유명한 운동 정보","삼두운동", "2020-03-17" ); 
INSERT INTO video (v_id, title, v_writer, category, reg_date) VALUES ("q6bED9SOiyo" , "&#39;두꺼운 팔뚝&#39; 원한다면, 세계 1위가 알려주는 &#39;3가지 삼두 운동&#39; 꼭 해보세요!! (feat. 크리스 범스테드) | [팔 운동 Part 2]", "오늘의 머슬한입","삼두운동", "2022-07-24" ); 
INSERT INTO video (v_id, title, v_writer, category, reg_date) VALUES ("EiEoZ0tlJ7o" , "덤벨로하는 최고의 팔운동/삼두운동 Best (오버헤드 익스텐션)", "키다리형","삼두운동", "2019-06-12" ); 

INSERT INTO video (v_id, title, v_writer, category, reg_date) VALUES ("rtJP6AdY-U8" , "[4k] 두꺼운 팔을 만드는 최고의 삼두운동 - 라잉 트라이셉스", "김명섭의 헬스교실","삼두운동", "2022-08-11" ); 
INSERT INTO video (v_id, title, v_writer, category, reg_date) VALUES ("K9xuocoABJQ" , "팔 사이즈 늘리려면, 삼두근 &#39;장두&#39;부터 키워야 합니다. (두꺼운 팔 만드는 방법 | 율리시스 팔운동 루틴)", "헬창극장","삼두운동", "2022-09-19" ); 

INSERT INTO video (v_id, title, v_writer, category, reg_date) VALUES ("Jsb9R-byj80" , "삼두 운동 트라이셉스 프레스 다운 2화 / 자세", "박승현","삼두운동", "2020-07-20" ); 
INSERT INTO video (v_id, title, v_writer, category, reg_date) VALUES ("euSTGOZkZoA" , "라잉 트라이셉스 익스텐션 쉽게하는 방법 I 삼두운동", "준규빌더","삼두운동", "2022-09-22" ); 
INSERT INTO video (v_id, title, v_writer, category, reg_date) VALUES ("E64AKQ_SL-o" , "덤벨로 하는 삼두운동! 근육사용법 💪", "제이수란","삼두운동", "2020-03-26" ); 
INSERT INTO video (v_id, title, v_writer, category, reg_date) VALUES ("toXIw6HvQvU" , "직장인 가슴+삼두 6가지 운동루틴? 해볼게요", "준규빌더","삼두운동", "2022-10-10" ); 
INSERT INTO video (v_id, title, v_writer, category, reg_date) VALUES ("e-dGmpgczI0" , "케이블 프레스다운 / 삼두운동 보디빌더 김준호 I Cable Press Down IFBB Pro KIM JUN HO", "MONSTERZYM 몬스터짐","삼두운동", "2019-04-25" ); 
INSERT INTO video (v_id, title, v_writer, category, reg_date) VALUES ("H0Yu8V3OaaU" , "얇았던 제 팔을 완전히 바꿔주었던 팔 운동 루틴을 소개합니다.", "만재ManJaeTv","삼두운동", "2022-07-28" ); 
INSERT INTO video (v_id, title, v_writer, category, reg_date) VALUES ("dKqPKeQ_KAs" , "출렁이는 팔뚝살, 7분만에 딱! 잡아드립니다 [덤벨킥백]", "핏블리 FITVELY","삼두운동", "2021-02-08" ); 
INSERT INTO video (v_id, title, v_writer, category, reg_date) VALUES ("MOk3rUnu0oA" , "최고의 삼두운동 라잉 트라이셉 익스텐션 하는법:김준호 선수 강추 I 삼두 운동 Lying Triceps Extension I 보디빌더 김준호 IFBB Pro KIM JUN HO", "MONSTERZYM 몬스터짐","삼두운동", "2019-08-20" ); 
INSERT INTO video (v_id, title, v_writer, category, reg_date) VALUES ("3Nqt05cRhpU" , "팔이 커지고 싶다면 꼭 해야되는 삼두운동 l 덤벨 오버헤드 익스텐션", "한조바디","삼두운동", "2020-03-03" ); 
INSERT INTO video (v_id, title, v_writer, category, reg_date) VALUES ("5CKZDmIfNF0" , "어깨, 삼두 운동 l 강경원의 운동 피드백", "강경원","삼두운동", "2022-11-04" ); 
INSERT INTO video (v_id, title, v_writer, category, reg_date) VALUES ("LkZMDnXVa_8" , "예전 최애 삼두 운동 알려드릴께요🔥 / 지금도 잘먹는 삼두 운동💪 / 이준호 / IFBBPRO", "이준호의 레즈고TV","삼두운동", "2022-04-21" ); 
INSERT INTO video (v_id, title, v_writer, category, reg_date) VALUES ("WPvtv-d7Vsk" , "라잉 트라이셉스 익스텐션 - 삼두 운동#2", "설기관","삼두운동", "2021-05-17" ); 
INSERT INTO video (v_id, title, v_writer, category, reg_date) VALUES ("ofO6_Fc6KjM" , "내가 꼭하는 팔운동 6가지 (이두,삼두운동)", "키다리형","삼두운동", "2019-08-19" ); 
INSERT INTO video (v_id, title, v_writer, category, reg_date) VALUES ("HeOM7_Ped_E" , "팔 사이즈를 키우는 삼두근 홈트 운동법. 팔에서 가장 큰 근육인 삼두근의 장두를 자극하는 원리.", "건지부부","삼두운동", "2020-12-21" ); 
INSERT INTO video (v_id, title, v_writer, category, reg_date) VALUES ("tU-lRoB9w4g" , "삼두 근육 키우는 운동 모음 #Shorts", "권일황TV","삼두운동", "2022-09-10" ); 
INSERT INTO video (v_id, title, v_writer, category, reg_date) VALUES ("hbDE-gbAHCY" , "라잉 트라이셉스 익스텐션 / 삼두운동", "박승현","삼두운동", "2020-10-19" ); 
INSERT INTO video (v_id, title, v_writer, category, reg_date) VALUES ("UJlsFuPMvI8" , "삼두운동ㅣ덤벨 킥백 초보자 실수와 정확한 자세", "MSG훈","삼두운동", "2019-02-16" ); 
INSERT INTO video (v_id, title, v_writer, category, reg_date) VALUES ("u--TO2eolpo" , "팔이 안커지는 이유와 운동 방법 루틴 - 삼두근 이두근 전완근 이걸로 끝", "헬마드 (헬스 건강 정보)","삼두운동", "2022-01-14" ); 
INSERT INTO video (v_id, title, v_writer, category, reg_date) VALUES ("0LWGOAtgcww" , "팔 근육을 키우는 덤벨운동 10가지 (이두운동, 삼두운동) | 10 Best Biceps &amp; Triceps Workout for Bigger Arms (Dumbbell Only)", "권일황TV - Fitness","삼두운동", "2021-04-30" ); 
INSERT INTO video (v_id, title, v_writer, category, reg_date) VALUES ("4T4it53ev0Q" , "덤벨 킥 백 - 삼두 운동#4", "설기관","삼두운동", "2021-06-07" ); 
INSERT INTO video (v_id, title, v_writer, category, reg_date) VALUES ("aVkkWwsm5es" , "일반인이 &#39;팔둘레&#39;(사이즈)늘리는 가장 빠른방법!? (Feat.이두근/삼두근 슈퍼세트 루틴)", "브렁크짐(BRUNK GYM)","삼두운동", "2022-07-14" ); 
INSERT INTO video (v_id, title, v_writer, category, reg_date) VALUES ("9301Dag74I0" , "요즘 최애 운동 시리즈 2편 삼두 레즈고💪", "이준호의 레즈고TV","삼두운동", "2022-04-08" ); 
INSERT INTO video (v_id, title, v_writer, category, reg_date) VALUES ("pzgvpcvpeLA" , "항상 해야 하는 삼두 운동", "Miracle Nelson","삼두운동", "2022-03-20" ); 
INSERT INTO video (v_id, title, v_writer, category, reg_date) VALUES ("7GXQmIIjh9c" , "팔운동 part. 6-케이블로 하는 이두.삼두 완성하기!!", "김명섭의 헬스교실","삼두운동", "2020-09-18" ); 
INSERT INTO video (v_id, title, v_writer, category, reg_date) VALUES ("mw2c2jOh2ak" , "[4k] 팔운동! 오늘부터 통증 끝 - 케이블 푸쉬다운", "김명섭의 헬스교실","삼두운동", "2022-08-16" ); 
INSERT INTO video (v_id, title, v_writer, category, reg_date) VALUES ("UY3XvKDuhbk" , "&#39;팔 사이즈&#39; 순식간에 키워주는 삼두 운동 루틴!?", "육체미 빅터","삼두운동", "2022-09-20" ); 
INSERT INTO video (v_id, title, v_writer, category, reg_date) VALUES ("i-5t1gi6Lz0" , "메리 크리스미스머신 / 삼두운동", "박승현","삼두운동", "2021-12-26" ); 
INSERT INTO video (v_id, title, v_writer, category, reg_date) VALUES ("1qazL6JUYjw" , "삼두운동(라잉트라이센스익스텐션)-LyingTricepsExtension(부상이 많은 운동)", "양선수의 온라인PT","삼두운동", "2020-05-18" ); 
INSERT INTO video (v_id, title, v_writer, category, reg_date) VALUES ("nsb9ry-T2kM" , "남자다운 팔을 원한다면 무조건 삼두운동루틴", "따라하면 몸이 좋아지는 채널, 고러쉬","삼두운동", "2021-02-10" ); 
INSERT INTO video (v_id, title, v_writer, category, reg_date) VALUES ("pS_HJGkIydE" , "[팔운동루틴] 헬스 초보자 이두 삼두 효과적으로 만드는법! 자세방법 노하우| 운동자극 | 슈퍼세트 | 바벨컬 | 팔 두껍게 만드는 방법", "피티아메리카","삼두운동", "2020-07-08" ); 
INSERT INTO video (v_id, title, v_writer, category, reg_date) VALUES ("q88vl1KWff8" , "탄력밴드로 굵은 팔뚝 만들기 (팔운동) 삼두운동", "키다리형","삼두운동", "2019-09-04" ); 
INSERT INTO video (v_id, title, v_writer, category, reg_date) VALUES ("88UVaWymJoE" , "[번역컨텐츠] BEST 5 삼두운동! 논문으로 알아보자", "GymGeeks짐긱스","삼두운동", "2019-11-10" ); 
INSERT INTO video (v_id, title, v_writer, category, reg_date) VALUES ("2UZ7cludn68" , "단 3가지 삼두운동으로 대포팔 만드는 방법", "잠백이","삼두운동", "2021-09-03" ); 
UPDATE video SET category = "삼두" WHERE category = "삼두운동";

-- 복근

INSERT INTO video (v_id, title, v_writer, category, reg_date) VALUES ("zcQ16cfJN9Q" , "9분! 초간단 누워서하는 11자 복근운동", "Thankyou BUBU","복근운동", "2017-11-01" ); 
INSERT INTO video (v_id, title, v_writer, category, reg_date) VALUES ("PjGcOP-TQPE" , "11자복근 복부 최고의 운동 [복근 핵매운맛]", "Thankyou BUBU","복근운동", "2020-07-19" ); 
INSERT INTO video (v_id, title, v_writer, category, reg_date) VALUES ("7TLk7pscICk" , "(Sub)누워서하는 5분 복부운동!! 효과보장! (매일 2주만 해보세요!)", "소미핏 SomiFit","복근운동", "2018-02-17" ); 
INSERT INTO video (v_id, title, v_writer, category, reg_date) VALUES ("QSZ0mUGO_CA" , "(층간소음X, 설명O) 🔥짧고 굵게🔥 복근만들기 2주 챌린지", "힙으뜸","복근운동", "2021-06-03" ); 
INSERT INTO video (v_id, title, v_writer, category, reg_date) VALUES ("kETh8T3it4k" , "(층간소음X, 설명O) 복근운동과 유산소를 한번에❗️서서하는 복근운동 1탄🔥", "힙으뜸","복근운동", "2021-08-30" ); 
INSERT INTO video (v_id, title, v_writer, category, reg_date) VALUES ("PoYzxj8Iy5M" , "2주만에 복근 만드는 운동 2 MIN ABS WORKOUT", "Thankyou BUBU","복근운동", "2019-10-13" ); 
INSERT INTO video (v_id, title, v_writer, category, reg_date) VALUES ("jj6ze_eqmYI" , "Lv.3 완벽한 복근을 만들기 위한 8분 루틴! 따라만하세요! (누구나 집에서도 가능) [8mins intense Abs Workout]", "권혁TV","복근운동", "2020-02-27" ); 
INSERT INTO video (v_id, title, v_writer, category, reg_date) VALUES ("p623pewgTc0" , "[10분] 성공적인 바프 (식스팩) 원한다면 이거하세요! 빠른결과 보장👍", "소미핏 SomiFit","복근운동", "2020-12-20" ); 
INSERT INTO video (v_id, title, v_writer, category, reg_date) VALUES ("sVQqBDBZhmI" , "복부운동 짧고 굵게! 운동효율 갑!  [6 MINS ABS WORKOUT]", "소미핏 SomiFit","복근운동", "2019-10-05" ); 
INSERT INTO video (v_id, title, v_writer, category, reg_date) VALUES ("73oaPgayP8Q" , "🔥2주완성🔥 힙으뜸 11자 복근만들기 챌린지", "힙으뜸","복근운동", "2022-07-02" ); 
INSERT INTO video (v_id, title, v_writer, category, reg_date) VALUES ("ra0Nrnr2s6o" , "누워서.매일하는 복부운동 200개 루틴 (복부챌린지.초보자OK)", "제이제이살롱드핏","복근운동", "2020-06-12" ); 
INSERT INTO video (v_id, title, v_writer, category, reg_date) VALUES ("rS5aH95job8" , "🔥2주만에🔥 효과보장 복부운동 10분 #매일 #하복부 #초보", "제이제이살롱드핏","복근운동", "2022-03-25" ); 
INSERT INTO video (v_id, title, v_writer, category, reg_date) VALUES ("mZfPWqrepkc" , "과학적으로 밝혀진 최고의 복근 운동 1위는 무엇일까? (ab롤아웃 vs 행잉레그레이즈)", "보통사람을 위한 운동채널","복근운동", "2021-06-17" ); 
INSERT INTO video (v_id, title, v_writer, category, reg_date) VALUES ("orpoYsCXlKA" , "전소미, 모모의 복근을 만들어준 바로 그 운동! (일주일만 함께해요🔥)", "이지은 다이어트 Jiny diet","복근운동", "2021-12-03" ); 
INSERT INTO video (v_id, title, v_writer, category, reg_date) VALUES ("EFadnuaH-Jg" , "[데스런] 집에서 하는 맨몸 10분 복근운동.", "DeSLun데스런","복근운동", "2017-09-14" ); 
INSERT INTO video (v_id, title, v_writer, category, reg_date) VALUES ("6jWHyd1Aa6k" , "연구결과 밝혀진, 가장 효과적인 복근 운동 3가지!?", "보통사람을 위한 운동채널","복근운동", "2022-09-03" ); 
INSERT INTO video (v_id, title, v_writer, category, reg_date) VALUES ("sqQpL1wKW6M" , "12분 서서하는 복근운동 홈트레이닝 - 체지방 태우기는 보너스", "빅씨스 Bigsis","복근운동", "2021-05-24" ); 
INSERT INTO video (v_id, title, v_writer, category, reg_date) VALUES ("12fRuoMWT0w" , "매일 15분! 짧지만 강력한 11자 복근운동- 단기간 뱃살빼기, 요가 스트레칭, 여자 복근운동 (15min abs workout, side workout at home)", "소피요가 Sophie Yoga","복근운동", "2020-07-23" ); 
INSERT INTO video (v_id, title, v_writer, category, reg_date) VALUES ("jT1KBcRli6k" , "복근운동? 이상한거 하지마세요. 이 &#39;운동&#39; 딱 1세트만 하세요. (Feat. 길브로 정봉길)", "브렁크짐(BRUNK GYM)","복근운동", "2021-12-04" ); 
INSERT INTO video (v_id, title, v_writer, category, reg_date) VALUES ("uXOUG_VfS78" , "동작은 쉽지만 효과는 최강❗️ 볼록한 똥배가 👉🏻쏙👈🏻 빠지는 8분 루틴 (허리통증X, 손목부담X, 층간소음X)", "이지은 다이어트 Jiny diet","복근운동", "2021-03-08" ); 
INSERT INTO video (v_id, title, v_writer, category, reg_date) VALUES ("0Nuza8wrYPA" , "복근운동을 정말 싫어했던 내가 선명한 복근 만들 수 있었던 방법", "만재ManJaeTv","복근운동", "2022-09-29" ); 
INSERT INTO video (v_id, title, v_writer, category, reg_date) VALUES ("SwlS857LjVc" , "Lv2.5 9분만에 복근 찢어집니다! 누구나 가능한 완벽한 복근루틴 9Mins Intense Abs Workout! Make Sixpack Together!", "권혁TV","복근운동", "2020-05-02" ); 
INSERT INTO video (v_id, title, v_writer, category, reg_date) VALUES ("SKCEpgEucFM" , "복근 운동 마스터 하기 -  어떤 복근 운동을 해야 효과적일까?", "강경원","복근운동", "2021-01-20" ); 
INSERT INTO video (v_id, title, v_writer, category, reg_date) VALUES ("GoK2RsK_Pww" , "(층간소음X, 설명O) 복근운동과 유산소를 한번에❗ 더 탄탄해진 서서하는 복근운동 2탄🔥", "힙으뜸","복근운동", "2021-12-18" ); 
INSERT INTO video (v_id, title, v_writer, category, reg_date) VALUES ("iOb2lCRVPQs" , "(설명O) 정말 쉽지만 초고속으로 똥배가 사라지고 허리가 쏙 들어가는 효과최강 10분 복근운동!", "에이핏 afit","복근운동", "2022-07-14" ); 
INSERT INTO video (v_id, title, v_writer, category, reg_date) VALUES ("EojxzBZbo4o" , "[누워서하는] 복부 파괴🔥 핵마라맛 11분 복부운동 (ABS WORKOUT 10 MIN)", "제이제이살롱드핏","복근운동", "2021-06-29" ); 
INSERT INTO video (v_id, title, v_writer, category, reg_date) VALUES ("MjejsQp3hUI" , "🚀울퉁불퉁 멋진 복근운동방법 !!ㅡ김명섭이 알려주는 효과적으로 식스팩만드는 방법(ㅇㅇ에 힘을 주면 안되는 이유)", "김명섭의 헬스교실","복근운동", "2021-09-16" ); 
INSERT INTO video (v_id, title, v_writer, category, reg_date) VALUES ("AC9twq7A_cs" , "Lv.3.5 복근을 가지고 싶다면 이 영상을 반복하세요.", "권혁TV","복근운동", "2021-01-13" ); 
INSERT INTO video (v_id, title, v_writer, category, reg_date) VALUES ("DEOx_DzyfV4" , "🔥힘듦주의🔥힙으뜸 납작배 2주 챌린지", "힙으뜸","복근운동", "2022-05-07" ); 
INSERT INTO video (v_id, title, v_writer, category, reg_date) VALUES ("9fYSo6MKG2w" , "[나혼자산다 선공개] 복근이 있는데 왜 복근 운동을 해요? 혜진, 나래의 기습 질문에… &#39;당황&#39;", "나혼자산다 STUDIO","복근운동", "2020-08-14" ); 
INSERT INTO video (v_id, title, v_writer, category, reg_date) VALUES ("L7fF_JA5UWI" , "지기는 복근운동을 어떻게 할까?", "지기TV","복근운동", "2020-08-30" ); 
INSERT INTO video (v_id, title, v_writer, category, reg_date) VALUES ("xY-Se2sQJk0" , "당신의 &#39;복근&#39;을 망치는 최악의 운동!? (+초보자 복근운동 루틴)", "브렁크짐(BRUNK GYM)","복근운동", "2022-06-19" ); 
INSERT INTO video (v_id, title, v_writer, category, reg_date) VALUES ("hR1ZgDQqyVI" , "🔥볼록 튀어나온 아랫뱃살🔥무조건 빠지는 역대급 뱃살폭파운동 (똥배/복부지방)", "비타민신지니 VitaminJINY","복근운동", "2020-09-07" ); 
INSERT INTO video (v_id, title, v_writer, category, reg_date) VALUES ("vckr1GJ0JMs" , "아랫배, 옆구리, 허리라인을 매끈하고 탄탄하게 - 코어 힘도 길러주는 복근운동 10분 홈트 루틴", "빅씨스 Bigsis","복근운동", "2021-06-28" ); 
INSERT INTO video (v_id, title, v_writer, category, reg_date) VALUES ("jiHoMmNhVzM" , "♦️말랑 출렁이는 뱃살♦️에서 탄력있는 일자복근 만들기", "이지은 다이어트 Jiny diet","복근운동", "2020-07-06" ); 
INSERT INTO video (v_id, title, v_writer, category, reg_date) VALUES ("IS7eqOwHhnc" , "복근운동 이것만 하세요! 상/하복근 한번에 끝내기!", "핏블리 FITVELY","복근운동", "2020-09-01" ); 
INSERT INTO video (v_id, title, v_writer, category, reg_date) VALUES ("qKzshVan_Ck" , "4주후 식스팩 생긴운동", "소미핏 SomiFit","복근운동", "2019-07-29" ); 
INSERT INTO video (v_id, title, v_writer, category, reg_date) VALUES ("K9XGEwgs47M" , "[ENG]세계 1등 홍범석 복근운동법..딱 11분인데..이게 가능하다고?", "홍범석 tiger_stone.h","복근운동", "2022-02-21" ); 
INSERT INTO video (v_id, title, v_writer, category, reg_date) VALUES ("lRJZC342Bs0" , "서서하는 복근운동 이 영상하나로 끝! 16MIN STANDING ABS FOR BEGINNER", "MIZI","복근운동", "2020-08-31" ); 
INSERT INTO video (v_id, title, v_writer, category, reg_date) VALUES ("l004FTk963U" , "초보자가 복근 만드는 방법", "고기본캐","복근운동", "2022-08-12" ); 
INSERT INTO video (v_id, title, v_writer, category, reg_date) VALUES ("tNFciUXMy1s" , "복근운동, 이것만 매일해도 식스팩 무조건 생깁니다 [행잉레그레이즈]", "핏블리 FITVELY","복근운동", "2022-08-01" ); 
INSERT INTO video (v_id, title, v_writer, category, reg_date) VALUES ("OAIhM0gWz2M" , "이런 체형 복근운동 하다가 큰일 납니다 | 복근운동 하기전 딱 이것만 해보세요 (특히골반 틀어진분들 이 복근루틴 해보세요)", "운동하는데이브","복근운동", "2022-10-16" ); 
INSERT INTO video (v_id, title, v_writer, category, reg_date) VALUES ("I5vDHRgBHmI" , "일반인이 &#39;복근&#39;(식스팩)을 만들려면 어떻게 해야될까?", "보통사람을 위한 운동채널","복근운동", "2022-05-28" ); 
INSERT INTO video (v_id, title, v_writer, category, reg_date) VALUES ("twU6ndX_znM" , "과학적으로 증명된 최고의 복근운동 1위는?!", "보통사람을 위한 운동채널","복근운동", "2022-08-17" ); 
INSERT INTO video (v_id, title, v_writer, category, reg_date) VALUES ("iOSYLKBk894" , "무.조.건! 뱃살 빠지는 운동 베스트5", "Thankyou BUBU","복근운동", "2018-01-01" ); 
INSERT INTO video (v_id, title, v_writer, category, reg_date) VALUES ("V4IiZhzymOA" , "복근 운동 전 이거 하나만 꼭 알고 하세요", "뻔더 FUNDAMENTAL","복근운동", "2022-10-24" ); 
INSERT INTO video (v_id, title, v_writer, category, reg_date) VALUES ("tJXz1hFUBLA" , "[주원홈트 복근] 뱃살빼는 운동 레전드가 될 영상입니다!!! [PPIYAK&#39;s FIT] legend of abs workout", "삐약스핏 [살빼주는 병맛 다이어트채널]","복근운동", "2019-02-10" ); 
INSERT INTO video (v_id, title, v_writer, category, reg_date) VALUES ("D9GnjOpY5L8" , "뱃살을 빼려면 복근 운동을 해야할까?", "핏블리 FITVELY","복근운동", "2022-10-16" ); 
INSERT INTO video (v_id, title, v_writer, category, reg_date) VALUES ("oqjC15Ew20A" , "복근만들기 30일 챌린지 2탄 (abs workout challenge 30days)", "힙으뜸","복근운동", "2020-12-01" ); 
INSERT INTO video (v_id, title, v_writer, category, reg_date) VALUES ("0L5gAT1fJaM" , "뱃살 아랫뱃살 최고의 운동", "Thankyou BUBU","복근운동", "2021-05-31" ); 
UPDATE video SET category = "복근" WHERE category = "복근운동";

-- 팔뚝

INSERT INTO video (v_id, title, v_writer, category, reg_date) VALUES ("T-bVqdhqW2U" , "🔥출렁이는 팔뚝살🔥빨리 빼려면 1달만 이 루틴하세요. (팔뚝살빼는운동/팔뚝살 빨리 빼는법/팔뚝살 완전 제거 운동)", "비타민신지니 VitaminJINY","팔뚝운동", "2020-05-06" ); 
INSERT INTO video (v_id, title, v_writer, category, reg_date) VALUES ("JsF2nzetLBU" , "👑조회수 ‘8,000,000’ 찍은👑전설의 팔뚝살빼는운동 7분 리뉴얼 버전", "비타민신지니 VitaminJINY","팔뚝운동", "2021-04-12" ); 
INSERT INTO video (v_id, title, v_writer, category, reg_date) VALUES ("ZDIIg4kvY-c" , "팔뚝살 폭파 운동", "Thankyou BUBU","팔뚝운동", "2020-05-24" ); 
INSERT INTO video (v_id, title, v_writer, category, reg_date) VALUES ("6Nysp0sCR88" , "과학적으로 팔뚝(전완근) 가장 빠르게 키워주는 운동 1위는!?", "보통사람을 위한 운동채널","팔뚝운동", "2022-07-02" ); 
INSERT INTO video (v_id, title, v_writer, category, reg_date) VALUES ("l8KA8dgbUd0" , "🔥출렁이는 팔뚝살 🔥급히 빼야 되는 분들만 오세요.(팔뚝살빼는운동/팔뚝살 빨리 빼는법/팔뚝살 완전 제거 운동)", "비타민신지니 VitaminJINY","팔뚝운동", "2020-06-01" ); 
INSERT INTO video (v_id, title, v_writer, category, reg_date) VALUES ("TIc-xNWxD-U" , "팔뚝살 최고의 운동 [팔뚝살 핵매운맛]", "Thankyou BUBU","팔뚝운동", "2020-08-18" ); 
INSERT INTO video (v_id, title, v_writer, category, reg_date) VALUES ("eRpPqnmb0PM" , "매일 5분만 해서 팔뚝살빼자!! 딱 5분 투자 최대효과", "강하나 스트레칭_stretching","팔뚝운동", "2021-04-02" ); 
INSERT INTO video (v_id, title, v_writer, category, reg_date) VALUES ("KYgMc_yvt0I" , "딱 1번만 해보세요. 축 처진 팔뚝살이 놀라울 정도로 얇아집니다👍", "비타민신지니 VitaminJINY","팔뚝운동", "2022-10-03" ); 
INSERT INTO video (v_id, title, v_writer, category, reg_date) VALUES ("MsHsCFAhk7I" , "🔥두툼한 팔뚝살🔥 딱! 5분만에 다 없애버리는 초특급 레전드 팔뚝살빼는운동", "비타민신지니 VitaminJINY","팔뚝운동", "2020-11-30" ); 
INSERT INTO video (v_id, title, v_writer, category, reg_date) VALUES ("KblqlOYag5M" , "2세트 하지마세요..ㅜㅜ 팔 떨어져요.. 1세트만 하세요..", "이지은 다이어트 Jiny diet","팔뚝운동", "2022-06-13" ); 
INSERT INTO video (v_id, title, v_writer, category, reg_date) VALUES ("vEmHbeWaacQ" , "‘이 루틴’ 1번하고 다음 날 팔뚝살 비교 해보세요. 100% 팔뚝라인이 달라집니다. ’ 😈악마 팔뚝살 돌려깎기😈", "비타민신지니 VitaminJINY","팔뚝운동", "2022-07-25" ); 
INSERT INTO video (v_id, title, v_writer, category, reg_date) VALUES ("KyJa1cclunU" , "♦️옆으로 넓게퍼진 팔뚝♦️에서 일자로 똑 떨어지는 슬림탄탄 팔뚝 되기", "이지은 다이어트 Jiny diet","팔뚝운동", "2020-06-10" ); 
INSERT INTO video (v_id, title, v_writer, category, reg_date) VALUES ("5Atbq98OOKY" , "팔운동 아무리해도 건장해져 고민이었다면 드루와! 딱 7일, 🔥여리탄탄 팔뚝🔥 보장루틴 (둘레 최소 1cm 무조건 줄어듬)", "이지은 다이어트 Jiny diet","팔뚝운동", "2021-06-29" ); 
INSERT INTO video (v_id, title, v_writer, category, reg_date) VALUES ("PewYBSkpzW0" , "🔥팔뚝 ‘밑살’이 기가 막히게 빠지는 ‘9가지 동작’", "비타민신지니 VitaminJINY","팔뚝운동", "2021-08-02" ); 
INSERT INTO video (v_id, title, v_writer, category, reg_date) VALUES ("LpesyhVZWxY" , "1000만뷰 팔뚝살 운동법 리뉴얼편!! 집에서 하는 상체운동 Ejercicio de la parte superior del cuerpo. Upper body workout", "삐약스핏 [살빼주는 병맛 다이어트채널]","팔뚝운동", "2022-09-19" ); 
INSERT INTO video (v_id, title, v_writer, category, reg_date) VALUES ("gOsr1RtL6RI" , "1분만에 팔뚝살 끝장내기 1 MIN ARMS WORKOUT FOR WOMEN", "Thankyou BUBU","팔뚝운동", "2019-09-22" ); 
INSERT INTO video (v_id, title, v_writer, category, reg_date) VALUES ("UYHfk45Yi2c" , "팔뚝 다이어트 운동 베스트4", "Thankyou BUBU","팔뚝운동", "2018-01-15" ); 
INSERT INTO video (v_id, title, v_writer, category, reg_date) VALUES ("TjXD5mJom8w" , "🔥출렁이는 팔뚝살🔥 빨리 빼려면 1주일만 이 루틴하세요.", "비타민신지니 VitaminJINY","팔뚝운동", "2021-06-28" ); 
INSERT INTO video (v_id, title, v_writer, category, reg_date) VALUES ("Iv2wIvBXB-8" , "레전드) 팔뚝살 · 안녕살 빨리 빼는 운동(진짜 효과 대박) | 여리여리 탄력있는 팔라인 만드는 상체운동 (팔뚝살 빨래 빼는 법 · 팔뚝살 빼는 운동 · 팔뚝살 완전 제거 운동)", "발레테라핏 Ballet Thera Fit","팔뚝운동", "2020-11-16" ); 
INSERT INTO video (v_id, title, v_writer, category, reg_date) VALUES ("tZbTY9j_L9o" , "직각어깨, 팔뚝살 논스탑 덤벨운동! (3일 놀라운 변화!)", "소미핏 SomiFit","팔뚝운동", "2022-10-26" ); 
INSERT INTO video (v_id, title, v_writer, category, reg_date) VALUES ("P0jZYGRoafI" , "팔뚝살 폭파 운동", "Sis","팔뚝운동", "2011-02-11" ); 
INSERT INTO video (v_id, title, v_writer, category, reg_date) VALUES ("vk7lykdH720" , "🔥잘 안빠지는 팔뚝살🔥정말 빨리 빼고 싶으면 딱 1달만 이 루틴 해보세요.(팔뚝살 타바타)", "비타민신지니 VitaminJINY","팔뚝운동", "2020-07-13" ); 
INSERT INTO video (v_id, title, v_writer, category, reg_date) VALUES ("KQwYFHWCHco" , "짧고 굵게⚠️ 5분만에 탄탄한 팔근육 만드는 운동 (NO쉬는시간)", "에일린 mind yoga","팔뚝운동", "2020-06-22" ); 
INSERT INTO video (v_id, title, v_writer, category, reg_date) VALUES ("X2VjRyQ5A64" , "단기간에 확 빼는 팔뚝살운동 🔥 매일 10분! 2주만 해보세요! ✨ 다이어트 운동 루틴/ 홈트 초보", "소피요가 Sophie Yoga","팔뚝운동", "2022-05-10" ); 
INSERT INTO video (v_id, title, v_writer, category, reg_date) VALUES ("E7WHaOF_HIU" , "팔뚝살, 겨살 고민이시면 망설이지말고 들어오세요 (4주 효과 보장)", "빵느","팔뚝운동", "2021-02-21" ); 
INSERT INTO video (v_id, title, v_writer, category, reg_date) VALUES ("KDAw3BpEFg0" , "딱 10분 !!!!! 출렁출렁 🔥팔뚝살🔥 쫙 빠지는 초간단 운동!!", "듀잇 dewit_fromdew","팔뚝운동", "2022-04-18" ); 
INSERT INTO video (v_id, title, v_writer, category, reg_date) VALUES ("CHGZ_P_hYps" , "효과만점!! 팔뚝살 빼는 16분 운동! 서서, 앉아서 할수있는 쉬운 루틴!", "MIZI","팔뚝운동", "2021-11-04" ); 
INSERT INTO video (v_id, title, v_writer, category, reg_date) VALUES ("elBUNJmLAUg" , "안 빠지는 팔뚝살 빨리 빼는 운동 | 한번만 해도 효과 보는 최고의 상체 다이어트 운동 (겨드랑이살, 부유방 한번에 제거)", "발레테라핏 Ballet Thera Fit","팔뚝운동", "2020-05-24" ); 
INSERT INTO video (v_id, title, v_writer, category, reg_date) VALUES ("0iTF2P1KRnc" , "굵은 팔뚝을 빠르게 만드는 최고의 전완근 악력 운동", "헬마드 (헬스 건강 정보)","팔뚝운동", "2022-05-27" ); 
INSERT INTO video (v_id, title, v_writer, category, reg_date) VALUES ("mHPUdwAI8Sw" , "단 12분 만에 팔뚝살을 정리해버리는 운동 (등살, 부유방, 겨살도 덤으로 제거)", "에이핏 afit","팔뚝운동", "2021-06-24" ); 
INSERT INTO video (v_id, title, v_writer, category, reg_date) VALUES ("CAzQoi11zIk" , "유형별 팔뚝운동 추천 리스트📋 #찐후기 #옆팔뚝 #안녕살", "제이제이살롱드핏","팔뚝운동", "2022-04-19" ); 
INSERT INTO video (v_id, title, v_writer, category, reg_date) VALUES ("qBwoL0gncX4" , "🔥매일 ‘이 동작’을 4분만 했더니 브레지어 옆 등살이 사라졌다🔥", "비타민신지니 VitaminJINY","팔뚝운동", "2021-05-03" ); 
INSERT INTO video (v_id, title, v_writer, category, reg_date) VALUES ("JInEi6GpNAg" , "팔뚝살제거, 팔&amp;가슴 펌핑 덤벨운동 💪7분x2세트", "소미핏 SomiFit","팔뚝운동", "2020-04-09" ); 
INSERT INTO video (v_id, title, v_writer, category, reg_date) VALUES ("vwO7Df4Mglo" , "🔥팔뚝살비만의 ’두툼한 팔뚝살’을 얇게 만드는 ‘7가지 동작’ / 급속버전🔥", "비타민신지니 VitaminJINY","팔뚝운동", "2022-04-11" ); 
INSERT INTO video (v_id, title, v_writer, category, reg_date) VALUES ("GXYd9oG83Xs" , "팔뚝살을 제거하는 획기적인 운동", "운동하는데이브","팔뚝운동", "2019-09-24" );  
INSERT INTO video (v_id, title, v_writer, category, reg_date) VALUES ("bSI7AEZUhvc" , "팔뚝(전완근), 악력을 효과적으로 키우기 위한 가장 빠른 방법", "보통사람을 위한 운동채널","팔뚝운동", "2020-07-21" ); 
UPDATE video SET category = "팔뚝" WHERE category = "팔뚝운동";

-- 어깨

INSERT INTO video (v_id, title, v_writer, category, reg_date) VALUES ("2LUamqdfoLI" , "삼각근을 대근육으로 만드는 최고의 어깨 운동!", "일반인클라쓰 RONIE","어깨운동", "2022-11-16" ); 
INSERT INTO video (v_id, title, v_writer, category, reg_date) VALUES ("sUwJubtbaBg" , "과학적으로 밝혀진 어깨뽕을 가장 빠르게 키우는 운동 3가지!?", "쇠질연구소","어깨운동", "2022-10-01" ); 
INSERT INTO video (v_id, title, v_writer, category, reg_date) VALUES ("wluK0T1ajtk" , "어깨뽕을 가장 빠르게 키워주는 운동 1위는?(사레레 vs 프레스)", "보통사람을 위한 운동채널","어깨운동", "2022-06-19" ); 
INSERT INTO video (v_id, title, v_writer, category, reg_date) VALUES ("xrmJuFw4IO4" , "넓은 어깨 만드는 운동 5가지 (1시간루틴+꿀팁포함)", "준규빌더","어깨운동", "2022-11-14" ); 
INSERT INTO video (v_id, title, v_writer, category, reg_date) VALUES ("fr-5MKeRfVU" , "알고하는것과 모르고하는것은 다른 , 어깨넓히는 필수운동 [레이즈]", "김강민_Kim Kang min","어깨운동", "2020-07-22" ); 
INSERT INTO video (v_id, title, v_writer, category, reg_date) VALUES ("gsFShSYOovU" , "Lv.3 덤벨 하나로 어깨 깡패 만드는 루틴 (떠먹는홈트)", "권혁TV","어깨운동", "2021-02-03" ); 
INSERT INTO video (v_id, title, v_writer, category, reg_date) VALUES ("A77P_UfLoAk" , "&#39;어깨뽕&#39;을 키우려면 &#39;이 운동&#39;을 알아야 합니다! (전면/측면/후면 삼각근 운동)", "보통사람을 위한 운동채널","어깨운동", "2022-08-02" ); 
INSERT INTO video (v_id, title, v_writer, category, reg_date) VALUES ("_geC1KPo2og" , "어깨운동의 정석 ㅡ덤벨 프레스(김명섭과 함께 배워보는 어깨운동의 기본-덤벨프레스)", "김명섭의 헬스교실","어깨운동", "2021-06-01" ); 
INSERT INTO video (v_id, title, v_writer, category, reg_date) VALUES ("cBZnbTeld2w" , "어깨운동루틴 5가지 I 내츄럴 운동법+꿀팁", "핏블리 FITVELY","어깨운동", "2019-11-08" ); 
INSERT INTO video (v_id, title, v_writer, category, reg_date) VALUES ("PtA0GJF25qk" , "과학적으로 입증된 &#39;어깨뽕&#39; 키우는 가장 빠른 방법!? (feat. 숄더 프레스)", "쇠질연구소","어깨운동", "2022-10-27" ); 
INSERT INTO video (v_id, title, v_writer, category, reg_date) VALUES ("URVOrAxBDq0" , "🏅요일별운동🏅 금요일 형님 조직으로 돌아오십쇼.. 어깨/팔 운동", "힙으뜸","어깨운동", "2021-07-02" ); 
INSERT INTO video (v_id, title, v_writer, category, reg_date) VALUES ("SAF0F6quKzI" , "[닥터홍선생]#22.어깨통증! 회전근개 파열! 한가지 운동으로 끝! + 오십견과 구별하는 법", "닥터홍선생 (OS Dr.Hong)","어깨운동", "2021-07-21" ); 
INSERT INTO video (v_id, title, v_writer, category, reg_date) VALUES ("x2wFQj5r4Pg" , "하루 10분만 하세요👌🏻어깨가 마법같이 편해집니다ㅣ라운드숄더, 어깨소리, 어깨통증, 팔이안올라갈때", "자세요정 JSYJ","어깨운동", "2022-05-05" ); 
INSERT INTO video (v_id, title, v_writer, category, reg_date) VALUES ("JyAhfMb3FIw" , "밀리터리 프레스 | 제가 가장 추천하는 어깨 운동", "강경원","어깨운동", "2020-10-23" ); 
INSERT INTO video (v_id, title, v_writer, category, reg_date) VALUES ("TN1UO5eziCU" , "근육량 세계1위는 어떤 &#39;어깨운동&#39;을 할까? (ft.미스터 올림피아 크리스 범스테드)", "보통사람을 위한 운동채널","어깨운동", "2022-04-17" ); 
INSERT INTO video (v_id, title, v_writer, category, reg_date) VALUES ("PByyY1GMW5g" , "사이드 레터럴 레이즈-(통증과 어깨충돌없는 편안한 어깨운동!!헬린이 필수시청^^)", "김명섭의 헬스교실","어깨운동", "2021-05-04" ); 
INSERT INTO video (v_id, title, v_writer, category, reg_date) VALUES ("-XuNyottkkU" , "[보디빌딩 ep.5] 어깨운동. 아모띠가 나갈 대회는?", "아모띠","어깨운동", "2022-11-16" ); 
INSERT INTO video (v_id, title, v_writer, category, reg_date) VALUES ("-oGon-5QZr8" , "어깨운동? 해볼게요", "아이언빈 윤성빈","어깨운동", "2022-06-30" ); 
INSERT INTO video (v_id, title, v_writer, category, reg_date) VALUES ("EoGMVSORHtM" , "어깨가 넓어지고 싶다? 이 운동 하나라도 제대로 배우시면 됩니다.", "피지컬갤러리","어깨운동", "2022-01-23" ); 
INSERT INTO video (v_id, title, v_writer, category, reg_date) VALUES ("oye5d4e1N_U" , "집에서 5kg 덤벨로 하는 어깨 운동루틴!", "홍범석 tiger_stone.h","어깨운동", "2022-03-19" ); 
INSERT INTO video (v_id, title, v_writer, category, reg_date) VALUES ("yxSt-h9A7_k" , "기다렸어? 내가 제일 효과 많이 본 어깨운동 6가지", "준규빌더","어깨운동", "2022-03-12" ); 
INSERT INTO video (v_id, title, v_writer, category, reg_date) VALUES ("JIS3S6bYG0Q" , "[어깨루틴] 순서가 중요합니다. 이렇게만 따라하세요!! 자세/횟수/무게", "핏블리 FITVELY","어깨운동", "2022-10-17" ); 
INSERT INTO video (v_id, title, v_writer, category, reg_date) VALUES ("ysDH5WlCokg" , "나 혼자만 꿀 빨던 어깨운동 팁 전수해서 레벨업 시켜드렸습니다", "고독한갯츠비","어깨운동", "2022-10-04" ); 
INSERT INTO video (v_id, title, v_writer, category, reg_date) VALUES ("hS7t-GzeyvE" , "열심히 어깨운동을 해도 어깨뽕이 안생기는 이유. 헬스 한다면 꼭 보세요!", "지기TV","어깨운동", "2021-08-09" ); 
INSERT INTO video (v_id, title, v_writer, category, reg_date) VALUES ("YGAlSSmPXRQ" , "Lv.4.5 딱 16분! 집에서 미사일 어깨 만드는 루틴 ! (덤벨필요x) [16mins  Home Shoulder Workout]", "권혁TV","어깨운동", "2020-03-25" ); 
INSERT INTO video (v_id, title, v_writer, category, reg_date) VALUES ("8thMw9JyxBE" , "어깨 운동만 &#39;한&#39; 남자", "김종국 GYM JONG KOOK","어깨운동", "2021-07-01" ); 
INSERT INTO video (v_id, title, v_writer, category, reg_date) VALUES ("PyER1FhDJno" , "10분만 투자해주세요 제발... 어깨운동 덤벨편", "따라하면 몸이 좋아지는 채널, 고러쉬","어깨운동", "2021-07-14" ); 
INSERT INTO video (v_id, title, v_writer, category, reg_date) VALUES ("8qSfLUjMIQs" , "후면 어깨운동 딱 ‘2가지’만 하면 3개월 안에 어깨깡패가 될 수 있는 필수 운동루틴, 어깨가 넓어지는 가장 효과적인 방법", "효과적인 운동을 위한 운동연구소","어깨운동", "2022-03-04" ); 
INSERT INTO video (v_id, title, v_writer, category, reg_date) VALUES ("nlFfsQBaNkY" , "강경원의 어깨 운동 피드백 // 2년 만에 다시 돌아온 초보자", "강경원","어깨운동", "2022-10-24" ); 
INSERT INTO video (v_id, title, v_writer, category, reg_date) VALUES ("cYPqj5cALno" , "2주만에 어깨 넓어지는 미친 방법!? (사딕 하조빅의 삼각근 루틴)", "헬창극장","어깨운동", "2022-08-10" ); 
INSERT INTO video (v_id, title, v_writer, category, reg_date) VALUES ("JGYdTd43mqQ" , "내 어깨를 만들어준 운동 3가지ㅣ마른 사람 어깨 운동", "메루치양식장_체중증량TV","어깨운동", "2022-02-11" ); 
INSERT INTO video (v_id, title, v_writer, category, reg_date) VALUES ("8FL5ucDiH3k" , "가장 완벽한 순간은 없다 / 60분 어깨 운동 루틴 11가지", "훈튜브","어깨운동", "2022-11-01" ); 
INSERT INTO video (v_id, title, v_writer, category, reg_date) VALUES ("diA9R4BMII4" , "어깨운동 딱 3가지면 끝입니다.#어깨운동 #어깨루틴 #어깨깡패 #데스런 #데스런조성준 #shoulderworkout", "DeSLun데스런","어깨운동", "2022-08-19" ); 
INSERT INTO video (v_id, title, v_writer, category, reg_date) VALUES ("sRa1JZQi_cI" , "어깨 운동 이렇게 하세요! (쿠키있음)", "김명섭의 헬스교실","어깨운동", "2022-09-06" ); 
INSERT INTO video (v_id, title, v_writer, category, reg_date) VALUES ("Zj9mzGTmAzo" , "2022 어깨 루틴 레즈고🔥 편식 없이 운동 하세요~~! / IFBBPRO 이준호", "이준호의 레즈고TV","어깨운동", "2022-08-04" ); 
INSERT INTO video (v_id, title, v_writer, category, reg_date) VALUES ("quhT2p3fof8" , "#오십견 에 도움이 되는 6가지 스트레칭(Frozen Shoulder: 6 Stretching Exercises)", "유앤제이병원TV","어깨운동", "2021-04-11" ); 
INSERT INTO video (v_id, title, v_writer, category, reg_date) VALUES ("Q4M43lRFDIE" , "어깨운동에 무슨 비법이 필요한가요?", "CHUL SOON HWANG","어깨운동", "2021-11-27" ); 
INSERT INTO video (v_id, title, v_writer, category, reg_date) VALUES ("R3RmxOLUMg4" , "목, 어깨 통증 사라지는 하루 10분 초간단 운동! - 김준배의 관절리모델링 #4", "굿라이프","어깨운동", "2020-07-28" ); 
INSERT INTO video (v_id, title, v_writer, category, reg_date) VALUES ("I43VEr0uUlM" , "프로 선수들의 &#39;어깨 꿀팁&#39; 유출본", "김강민_Kim Kang min","어깨운동", "2022-07-07" ); 
INSERT INTO video (v_id, title, v_writer, category, reg_date) VALUES ("X9Ps950icQQ" , "[회전근개 강화운동(세라밴드 운동) 따라 하기] (어깨힘줄, 회전근개파열)- 달려라병원 선지호 원장", "유튜브채널HospitalRun","어깨운동", "2019-01-12" ); 
INSERT INTO video (v_id, title, v_writer, category, reg_date) VALUES ("47saA9o-Brs" , "내추럴 월드챔피언에게 어깨 근본루틴 전수 받았습니다.", "총총TV SILVER GUN","어깨운동", "2022-11-08" ); 
INSERT INTO video (v_id, title, v_writer, category, reg_date) VALUES ("FMOISIlhLEY" , "목 결림, 어깨 뭉침을 풀어주는 스트레칭 (with 3분 마사지)", "에일린 mind yoga","어깨운동", "2020-07-06" ); 
INSERT INTO video (v_id, title, v_writer, category, reg_date) VALUES ("E5w5Oq3wxUA" , "앞으로 30일 동안 어깨 운동할 때 &#39;이 세가지&#39; 만 기억하세요!", "일반인클라쓰 RONIE","어깨운동", "2022-10-10" ); 
INSERT INTO video (v_id, title, v_writer, category, reg_date) VALUES ("KkcDv-JctLA" , "100명 중 99명은 제대로 하고 있지 못한 어깨운동. 올림피안의 어깨운동 방법을 해석 해드립니다.", "링거 Linger","어깨운동", "2022-08-03" ); 
INSERT INTO video (v_id, title, v_writer, category, reg_date) VALUES ("8EAUEoCRtBI" , "어깨 성장을 위한 가장 확실한 루틴", "고독한갯츠비","어깨운동", "2022-03-31" ); 
INSERT INTO video (v_id, title, v_writer, category, reg_date) VALUES ("6Y82JDz5Fi0" , "[닥터홍선생]#24.어깨가 아플때 절대로! 하면 안되는 운동 / 무조건! 해야 하는 운동 2가지", "닥터홍선생 (OS Dr.Hong)","어깨운동", "2021-08-02" ); 
INSERT INTO video (v_id, title, v_writer, category, reg_date) VALUES ("dUCW4_7YJNE" , "어깨통증과 회전근개파열에 좋은 운동 3가지 - [회전근개스트레칭,어깨통증스트레칭,라운드숄더,회전근개운동]", "모커리한방병원","어깨운동", "2020-02-21" ); 
UPDATE video SET category = "어깨" WHERE category = "어깨운동";

-- 등

INSERT INTO video (v_id, title, v_writer, category, reg_date) VALUES ("E5cTxOA844U" , "&#39;광배근&#39; 넓히려면 &#39;랫풀다운&#39; 하지마세요! (율리시스 등운동 루틴 | 프레임 넓어지는 운동 방법)", "헬창극장","등운동", "2022-08-27" ); 
INSERT INTO video (v_id, title, v_writer, category, reg_date) VALUES ("Xlg9KKJ0nFg" , "일반인이 &#39;광배근&#39;을 키우고 &#39;상체 프레임&#39;을 넓히는 가장 빠른 방법!?", "쇠질연구소","등운동", "2022-09-24" ); 
INSERT INTO video (v_id, title, v_writer, category, reg_date) VALUES ("F7XhxhpSInQ" , "‘넓은 어깨’와 ‘광배근’을 동시에 넓히는 방법!? [등 운동 루틴 초보]", "쇠질연구소","등운동", "2021-08-27" ); 
INSERT INTO video (v_id, title, v_writer, category, reg_date) VALUES ("TYI6FVNNqSw" , "반드시 알고 운동해야하는 등근육 상식!! ㅡ김명섭과 함께 하는 쉽고 재미있는 등해부학이론(요통이오는 이유)", "김명섭의 헬스교실","등운동", "2022-03-10" ); 
INSERT INTO video (v_id, title, v_writer, category, reg_date) VALUES ("A5gNU2v_FNc" , "&#39;광배근 하부&#39;를 키워야 등근육이 넓어집니다! (프레임 넓히는 등운동 루틴)", "헬창극장","등운동", "2022-09-08" ); 
INSERT INTO video (v_id, title, v_writer, category, reg_date) VALUES ("ziG_WyELn3I" , "눈치보지마5탄! 등운동 기구사용법(랫풀다운)", "제이수란","등운동", "2020-10-13" ); 
INSERT INTO video (v_id, title, v_writer, category, reg_date) VALUES ("b78nCz3WuGk" , "마누라와 등운동", "김강민_Kim Kang min","등운동", "2022-10-31" ); 
INSERT INTO video (v_id, title, v_writer, category, reg_date) VALUES ("mJuwKvxkfX4" , "하루 8분만 하세요👌🏻뻐근한 등이 놀랍도록 편해집니다 | 날개뼈사이통증, 등통증 싹 없애기", "자세요정 JSYJ","등운동", "2022-09-06" ); 
INSERT INTO video (v_id, title, v_writer, category, reg_date) VALUES ("MLmF08_mUcI" , "등근육 느낌 못찾는 사람을 위한 ‘등운동 루틴’ [100%자극 보장 : 덤벨로우/데드리프트]", "핏블리 FITVELY","등운동", "2022-01-26" ); 
INSERT INTO video (v_id, title, v_writer, category, reg_date) VALUES ("bIo6_iFHE6U" , "등운동--암 풀 다운(김명섭과  함께 배우는 가장 쉽고 효과적인 광배근운동)ㅡ헬린이 필수적으로 해야 광배근이 좋아진다!!", "김명섭의 헬스교실","등운동", "2021-06-10" ); 
INSERT INTO video (v_id, title, v_writer, category, reg_date) VALUES ("MqhiKCgWuuc" , "헬스장 운동순서 등운동 루틴편, 숨막히는 뒤태 만들기!", "핏블리 FITVELY","등운동", "2019-10-30" ); 
INSERT INTO video (v_id, title, v_writer, category, reg_date) VALUES ("EEqGCoTuYfQ" , "최고의 등 운동, 완벽한 바벨로우 강의 (운동의 정석)", "피지컬갤러리","등운동", "2019-08-28" ); 
INSERT INTO video (v_id, title, v_writer, category, reg_date) VALUES ("VJO5zx5kRvU" , "라운드숄더, 굽은어깨 “등운동❌ 하지마세요! &quot; (이렇게 안하실꺼면🤦🏻‍♀️)", "자세요정 JSYJ","등운동", "2020-05-12" ); 
INSERT INTO video (v_id, title, v_writer, category, reg_date) VALUES ("G_Rq8nwI8lA" , "프로선수 등 꿀팁 유출본", "김강민_Kim Kang min","등운동", "2022-06-29" ); 
INSERT INTO video (v_id, title, v_writer, category, reg_date) VALUES ("5pz-VRjffXU" , "90%는 잘못된 방법으로 &#39;랫풀다운&#39; 하고 있습니다! (등넓이 가장 빠르게 넓히는 렛풀다운 그립)", "보통사람을 위한 운동채널","등운동", "2022-10-08" ); 
INSERT INTO video (v_id, title, v_writer, category, reg_date) VALUES ("PHTAPj6SbnQ" , "랫 풀 다운--내회전이 어깨충돌을 일으키지않는 이유!!🚀이보다 더 쉽고 자세한 랫풀다운은 없다!!(김명섭의 해부학 강좌--랫 풀 다운)", "김명섭의 헬스교실","등운동", "2021-07-01" ); 
INSERT INTO video (v_id, title, v_writer, category, reg_date) VALUES ("oThYdH8ejXk" , "1300만 운동 유튜버의 &#39;넓은 등근육&#39;만드는 방법!?", "보통사람을 위한 운동채널","등운동", "2022-04-09" ); 
INSERT INTO video (v_id, title, v_writer, category, reg_date) VALUES ("lS-7awkZxD4" , "여기를 못쓰면 등운동이 안됩니다! (초보자용 등운동 루틴)", "제이수란","등운동", "2022-08-31" ); 
INSERT INTO video (v_id, title, v_writer, category, reg_date) VALUES ("cfioLE83by0" , "짧고 굵게 5분도 충분한 등운동 l 효과최고!", "소미핏 SomiFit","등운동", "2017-12-08" ); 
INSERT INTO video (v_id, title, v_writer, category, reg_date) VALUES ("rbbz3l9p_FQ" , "광배근이 약점이라면 &#39;등 운동&#39; 이렇게만 따라해보세요!", "일반인클라쓰 RONIE","등운동", "2022-10-25" ); 
INSERT INTO video (v_id, title, v_writer, category, reg_date) VALUES ("4t9u85AHQR0" , "🏅요일별운동🏅 화요일 등/허리 군살 모조리 파.괴.한.다💥 등운동 루틴", "힙으뜸","등운동", "2021-06-29" ); 
INSERT INTO video (v_id, title, v_writer, category, reg_date) VALUES ("SAnxbpzKYKE" , "누구도 알려주지 않은 등운동", "말왕TV","등운동", "2022-08-21" ); 
INSERT INTO video (v_id, title, v_writer, category, reg_date) VALUES ("yRvKykzwH60" , "뒷태를 완성시키는 헬스장 등운동 루틴/기구운동 루틴/ 초급자 운동루틴", "다혜밍_dahyemingTV","등운동", "2020-05-31" ); 
INSERT INTO video (v_id, title, v_writer, category, reg_date) VALUES ("o_pwMN40DLM" , "등 운동, 이거 하나면 됩니다!", "피지컬갤러리","등운동", "2021-07-25" ); 
INSERT INTO video (v_id, title, v_writer, category, reg_date) VALUES ("7nhAdrf7fxE" , "세계 1위가 &#39;등 근육을 넓히는&#39; 단 한가지 운동 방법! (feat. 상체 프레임)", "쇠질연구소","등운동", "2022-06-11" ); 
INSERT INTO video (v_id, title, v_writer, category, reg_date) VALUES ("9yqYgn2tCL0" , "헬스할 때 &#39;몸통 두께&#39;부터 키워야 하는 이유?(등과 흉곽을 두텁게 만드는 운동루틴)", "보통사람을 위한 운동채널","등운동", "2022-10-18" ); 
INSERT INTO video (v_id, title, v_writer, category, reg_date) VALUES ("pKoR-uJd_vk" , "상의 탈의하고 등 운동 + 초중급자 1시간 운동 할때 추천 운동법", "강경원","등운동", "2021-11-30" ); 
INSERT INTO video (v_id, title, v_writer, category, reg_date) VALUES ("oQfGNXp4xlM" , "🔥두툼한 등살🔥빨리 빼려면 1달만 이 루틴하세요. (등살빼는운동/등살빼기/등살빼는최고의운동)", "비타민신지니 VitaminJINY","등운동", "2020-06-29" ); 
INSERT INTO video (v_id, title, v_writer, category, reg_date) VALUES ("QgeTZ4rOJzg" , "헬린이의 등을 변화시켜준 깨달음 4가지", "만재ManJaeTv","등운동", "2021-05-12" ); 
INSERT INTO video (v_id, title, v_writer, category, reg_date) VALUES ("8YsjXkZ4xaA" , "등살빼는 최고의 운동, 등운동 맨몸 (5mins back workout at home)", "소미핏 SomiFit","등운동", "2019-09-12" ); 
INSERT INTO video (v_id, title, v_writer, category, reg_date) VALUES ("ISe1ooKcqFw" , "넓은 등을 위한 필수운동! 시티드 로우ㅡ김명섭과 함께 하는 🚀세상에서 가장 효과적이고 알기쉬운 등운동", "김명섭의 헬스교실","등운동", "2021-06-03" ); 
INSERT INTO video (v_id, title, v_writer, category, reg_date) VALUES ("pJ1L4EJ1z-Q" , "‘등&#39; 만 바뀌어도 몸이 슬림 해 보일 수 있습니다. [등 성형프로젝트 8분의 기적!]", "비타민신지니 VitaminJINY","등운동", "2022-01-17" ); 
INSERT INTO video (v_id, title, v_writer, category, reg_date) VALUES ("5QXMQOOBERU" , "&#39;넓은 프레임&#39;을 위해 꼭 먼저 키워야 하는 &#39;광배근 하부&#39; 운동 방법과 루틴! (크리스 범스테드, 벌크업, 대원근, 등 하부)", "오늘의 머슬한입","등운동", "2022-11-15" ); 
INSERT INTO video (v_id, title, v_writer, category, reg_date) VALUES ("sz8vhBJsSjk" , "[철순홈짐] [철순사거리 광배 전문점] 이론, 루틴 때려치고 원리를 이해하라고!!", "CHUL SOON HWANG","등운동", "2022-09-15" ); 
INSERT INTO video (v_id, title, v_writer, category, reg_date) VALUES ("7YenKNY3-YU" , "역삼각형 벌어지는 프레임을 갖게해준 등 운동법", "지기TV","등운동", "2022-04-13" ); 
INSERT INTO video (v_id, title, v_writer, category, reg_date) VALUES ("4EcIZexNa7A" , "일반인이 &#39;이것&#39;만 알면 상체 프레임과 등근육은 무조건 넓어집니다", "근력발전소","등운동", "2021-11-10" ); 
INSERT INTO video (v_id, title, v_writer, category, reg_date) VALUES ("R17Y1uuJSi8" , "이 영상처럼 등 운동 하시면 진짜 고수 된다고 보증합니다 (턱걸이, 바벨로우, 랫풀다운, 시티드로우, 로우머신 포함)", "파워게르만POGER","등운동", "2022-07-13" ); 
INSERT INTO video (v_id, title, v_writer, category, reg_date) VALUES ("P8WMqPgiDYw" , "간고 티칭!! 레슨생 등 운동 티칭!!", "간고TV","등운동", "2022-11-07" ); 
INSERT INTO video (v_id, title, v_writer, category, reg_date) VALUES ("6VKWaityMEI" , "[넓은 등] 프레임을 바꿔준 최고의 등 운동 5가지 공개함! (구독자 이벤트, 등 운동 루틴, 멘즈 피지크 프로, 안드레이 데이우)", "오늘의 머슬한입","등운동", "2022-09-29" ); 
INSERT INTO video (v_id, title, v_writer, category, reg_date) VALUES ("3dGBCk5MUJI" , "(제2강)등운동의 모든 것", "양선수의 온라인PT","등운동", "2022-01-12" ); 
INSERT INTO video (v_id, title, v_writer, category, reg_date) VALUES ("2mCIF8SDLQY" , "허리 얇아지는 최고의 운동 &amp; 허리라인 만드는 운동 BEST (바벨로우)", "핏블리 FITVELY","등운동", "2020-04-08" ); 
INSERT INTO video (v_id, title, v_writer, category, reg_date) VALUES ("SyVI2YfA-M4" , "등운동 딱 세 가지", "ㅋㅎㅋ","등운동", "2021-10-22" ); 
INSERT INTO video (v_id, title, v_writer, category, reg_date) VALUES ("JP1Xt0eTdf4" , "등 운동 루틴 + Q&amp;A", "훈튜브","등운동", "2022-10-06" ); 
INSERT INTO video (v_id, title, v_writer, category, reg_date) VALUES ("SmxvbUXT4_Q" , "&#39;등 운동루틴&#39; 무료배포! 운동순서+반복수+무게 정리 [헬스장 운동루틴]", "핏블리 FITVELY","등운동", "2021-03-12" ); 
INSERT INTO video (v_id, title, v_writer, category, reg_date) VALUES ("fKZ9tVAqwRA" , "OT 첫 여자 게스트, 등운동으로 털 것인가 털릴 것인가! [OT받으러왔슴다]", "MONSTERZYM 몬스터짐","등운동", "2022-06-04" ); 
INSERT INTO video (v_id, title, v_writer, category, reg_date) VALUES ("pfzDT95IEE0" , "꼭해야하는 등운동 5가지", "키다리형","등운동", "2019-07-29" ); 
INSERT INTO video (v_id, title, v_writer, category, reg_date) VALUES ("Fxxd54TnfI0" , "등 이렇게 하셔야 넓고 두꺼워집니다.", "총총TV SILVER GUN","등운동", "2022-11-03" ); 
INSERT INTO video (v_id, title, v_writer, category, reg_date) VALUES ("VNFAfAM35QA" , "다음날 등이 안펴집니다", "말왕TV","등운동", "2022-05-13" ); 
INSERT INTO video (v_id, title, v_writer, category, reg_date) VALUES ("nd7WnOJ19nY" , "해부학적으로 설명하는 등운동..이렇게 기본이 중요합니다..(랫풀다운)", "지기TV","등운동", "2020-01-27" ); 
UPDATE video SET category = "등" WHERE category = "등운동";

-- 가슴

INSERT INTO video (v_id, title, v_writer, category, reg_date) VALUES ("ySCSNVnAeFU" , "[가슴루틴] 윗가슴 부터 채우는 가슴운동 루틴 순서/셋트/무게", "핏블리 FITVELY","가슴운동", "2022-09-21" ); 
INSERT INTO video (v_id, title, v_writer, category, reg_date) VALUES ("XZTPXNkyxTA" , "일반인이 &#39;윗가슴&#39;과 &#39;가슴근육&#39;을 동시에 키우는 가장 빠른 방법!?", "쇠질연구소","가슴운동", "2022-09-10" ); 
INSERT INTO video (v_id, title, v_writer, category, reg_date) VALUES ("_-9AR9E8WX8" , "가슴근육 키우려면 &#39;벤치프레스&#39; 하지 마세요! (닉워커 가슴운동 루틴 | 윗가슴 운동 방법)", "헬창극장","가슴운동", "2022-08-20" ); 
INSERT INTO video (v_id, title, v_writer, category, reg_date) VALUES ("bfxo9Phdkro" , "전세계가 경악한 &#39;가슴근육&#39; 2배 키우는 미친운동!? (※벤치프레스 아님 주의!)", "보통사람을 위한 운동채널","가슴운동", "2022-04-30" ); 
INSERT INTO video (v_id, title, v_writer, category, reg_date) VALUES ("1F5eNbsFWJo" , "황철순 헬스장에서 가슴운동 했어요", "마왕 마선호","가슴운동", "2022-11-15" ); 
INSERT INTO video (v_id, title, v_writer, category, reg_date) VALUES ("xs9hhAQYbj8" , "조회수 1150만회!? 가슴근육 &#39;가장 빠르게&#39;키우는 숨겨진 운동법!?", "보통사람을 위한 운동채널","가슴운동", "2022-05-22" ); 
INSERT INTO video (v_id, title, v_writer, category, reg_date) VALUES ("Eg8pR57_BB8" , "처진가슴운동 볼륨업운동 chest workout", "삐약스핏 [살빼주는 병맛 다이어트채널]","가슴운동", "2020-10-09" ); 
INSERT INTO video (v_id, title, v_writer, category, reg_date) VALUES ("_is-VfJW44Y" , "가슴근육을 키우려면 당신은 &#39;이 운동&#39;을 해야합니다!", "보통사람을 위한 운동채널","가슴운동", "2020-09-30" ); 
INSERT INTO video (v_id, title, v_writer, category, reg_date) VALUES ("UqlUZFZgczk" , "초보자를 위한 황철순의 가슴운동 루틴", "CHUL SOON HWANG","가슴운동", "2020-07-31" ); 
INSERT INTO video (v_id, title, v_writer, category, reg_date) VALUES ("c_5ENJWekbQ" , "Lv.4 10분 만에 집에서 가슴 작살내는 루틴 (누구나 쉽게 가능) [10mins Intense Chest Workout]", "권혁TV","가슴운동", "2020-03-12" ); 
INSERT INTO video (v_id, title, v_writer, category, reg_date) VALUES ("Pkqy8ufeYi0" , "가슴운동 할 때 10명 중 9명이 실수하는 이것", "김명섭의 헬스교실","가슴운동", "2022-10-27" ); 
INSERT INTO video (v_id, title, v_writer, category, reg_date) VALUES ("UWJGvPAM3l4" , "안쪽까지 꽉 찬 각진 아랫 가슴근육 만드는 방법!", "지기TV","가슴운동", "2022-04-19" ); 
INSERT INTO video (v_id, title, v_writer, category, reg_date) VALUES ("_U3bWcGXiTw" , "가슴운동루틴! (김명섭관장이 처음 공개하는 효과적인 가슴근육만드는 루틴과방법!)", "김명섭의 헬스교실","가슴운동", "2022-05-24" ); 
INSERT INTO video (v_id, title, v_writer, category, reg_date) VALUES ("KGHrjTKU7jE" , "내가 하는 가슴 루틴", "코리안헤라클레스 이용승","가슴운동", "2022-09-01" ); 
INSERT INTO video (v_id, title, v_writer, category, reg_date) VALUES ("RGRyS-n8r6g" , "SUB)가슴운동 볼륨업운동 처진 가슴 끌어올리기, 퍼진 가슴 모아주기! 영혼까지 끌어올리는 영끌운동! chest workout", "삐약스핏 [살빼주는 병맛 다이어트채널]","가슴운동", "2022-03-28" ); 
INSERT INTO video (v_id, title, v_writer, category, reg_date) VALUES ("a8VsNx77qGM" , "Lv.3 덤벨하나로 조지는 파트너 가슴운동 (벤치필요X)", "권혁TV","가슴운동", "2021-02-27" ); 
INSERT INTO video (v_id, title, v_writer, category, reg_date) VALUES ("T67xd39IUR4" , "&#39;가슴살&#39;을 줄이고, &#39;가슴근육&#39;을 키우는 가장 빠른 운동 방법!? (feat. 남성 &#39;여유증 운동&#39;)", "쇠질연구소","가슴운동", "2022-05-14" ); 
INSERT INTO video (v_id, title, v_writer, category, reg_date) VALUES ("oOhzj8YEqp0" , "벤치프레스는 &#39;이 5가지&#39;만 알아두시면 가슴 운동 끝납니다", "헬마드 (헬스 건강 정보)","가슴운동", "2022-10-12" ); 
INSERT INTO video (v_id, title, v_writer, category, reg_date) VALUES ("D_R8ZpzGu8c" , "가슴운동의 핵심ㅡ 인클라인 벤치프레스 [김명섭관장님이 제시하는 가슴운동의 해부학적 원리&amp;요령대공개!!]", "김명섭의 헬스교실","가슴운동", "2021-05-13" ); 
INSERT INTO video (v_id, title, v_writer, category, reg_date) VALUES ("sm4wIUcvuIQ" , "가슴운동 ‘이 방식’대로 하세요! (가슴근육 키우는 방법 | 가슴운동루틴 | 헬스초보 | 대흉근 | 벤치프레스 | 팔굽혀펴기 | 푸쉬업 | 펙덱플라이 | 체스트프레스)", "운동독립운동","가슴운동", "2022-09-17" ); 
INSERT INTO video (v_id, title, v_writer, category, reg_date) VALUES ("DJPBglSOC88" , "Lv.4.5 10가지 푸쉬업으로 10분안에 가슴완성하기! (10-10) COMPLETE THE CHEST IN 10MINS WITH 10 PUSH-UP", "권혁TV","가슴운동", "2020-08-20" ); 
INSERT INTO video (v_id, title, v_writer, category, reg_date) VALUES ("qrt2fy_wmtU" , "가슴운동 따라해보세요! 설기관 루틴공개.", "설기관","가슴운동", "2021-02-22" ); 
INSERT INTO video (v_id, title, v_writer, category, reg_date) VALUES ("L3H0g1N1iRI" , "푸쉬업? 그렇게 하면 &#39;가슴근육&#39; 안커집니다!  (푸쉬업으로 가슴근육 만드는 가장 완벽한 방법)", "보통사람을 위한 운동채널","가슴운동", "2022-02-26" ); 
INSERT INTO video (v_id, title, v_writer, category, reg_date) VALUES ("58ce8JMEpTA" , "벌크업 가슴 운동 루틴 레즈고🔥 / IFBBPRO / 이준호", "이준호의 레즈고TV","가슴운동", "2022-03-22" ); 
INSERT INTO video (v_id, title, v_writer, category, reg_date) VALUES ("dzp817CB5VY" , "가슴운동으로 말왕 죽이기", "김강민_Kim Kang min","가슴운동", "2022-04-07" ); 
INSERT INTO video (v_id, title, v_writer, category, reg_date) VALUES ("Lsh5fbtaWyM" , "&#39;가슴 근육&#39;이 빠르게 커지는 놀라운 방법 3가지! (가슴운동, 벤치프레스)", "헬창극장","가슴운동", "2022-04-30" ); 
INSERT INTO video (v_id, title, v_writer, category, reg_date) VALUES ("9s9Pz7yMyms" , "15분 볼륨업! 여자가슴운동🧡 자연스럽게 모아주고 올려주는 운동! 부유방, 겨드랑이살 해결!!", "MIZI","가슴운동", "2022-02-15" ); 
INSERT INTO video (v_id, title, v_writer, category, reg_date) VALUES ("owpNswYJO3U" , "일반인이 로이더 가슴 운동 방법 따라하면 진짜 효과가 없을까!? (비교 분석, 내추럴 보디빌딩, 크리스 범스테드, 피지크)", "오늘의 머슬한입","가슴운동", "2022-11-13" ); 
INSERT INTO video (v_id, title, v_writer, category, reg_date) VALUES ("LIhIvtBGxxU" , "30년 간 &#39;디클라인&#39; 벤치프레스를 한번도 안했습니다 || 운동이야기 15화", "강경원","가슴운동", "2020-10-10" ); 
INSERT INTO video (v_id, title, v_writer, category, reg_date) VALUES ("-V-Rdcn_ok8" , "🏅요일별운동🏅 수요일 탄력있는 가슴, 겨드랑이 군살타파! 가슴 운동루틴", "힙으뜸","가슴운동", "2021-06-30" ); 
INSERT INTO video (v_id, title, v_writer, category, reg_date) VALUES ("NB1n6QdPsuk" , "과학으로 증명된 근성장에 가장 효율적인 가슴 운동 순위!", "일반인클라쓰 RONIE","가슴운동", "2022-09-27" ); 
INSERT INTO video (v_id, title, v_writer, category, reg_date) VALUES ("iv8reqGucYE" , "제가 추천하는 부위별 운동 - 가슴, 등, 복근", "강경원","가슴운동", "2021-10-17" ); 
INSERT INTO video (v_id, title, v_writer, category, reg_date) VALUES ("VOazSD2kFXM" , "가슴 운동 자세히 알려 드립니다! (가슴+삼두루틴)", "제이수란","가슴운동", "2022-03-27" ); 
INSERT INTO video (v_id, title, v_writer, category, reg_date) VALUES ("MemUho8xjZ0" , "말왕은 어떻게 가슴이 커졌나", "말왕TV","가슴운동", "2022-10-26" ); 
INSERT INTO video (v_id, title, v_writer, category, reg_date) VALUES ("YoMQaYuKe9c" , "가슴 &amp; 팔 루틴은 이것만 하면 됩니다 | 다이어트 부위로그", "야전삽짱재","가슴운동", "2022-05-24" ); 
INSERT INTO video (v_id, title, v_writer, category, reg_date) VALUES ("ifK2hZW7CNw" , "고민해결) 왜 나는 가슴이 갈라지지 않을까? 각진 가슴을 위한 가슴 루틴과 공략법 (보디빌더의 point tip)", "김민수_Kim Min Su","가슴운동", "2020-11-17" ); 
INSERT INTO video (v_id, title, v_writer, category, reg_date) VALUES ("qwHyqU4K5xQ" , "가슴운동 해볼게요", "고독한갯츠비","가슴운동", "2022-07-13" ); 
INSERT INTO video (v_id, title, v_writer, category, reg_date) VALUES ("-_iaW_WsbLM" , "초,중,상급자를 위한 레전드의 가슴운동 루틴", "김명섭의 헬스교실","가슴운동", "2022-09-14" ); 
INSERT INTO video (v_id, title, v_writer, category, reg_date) VALUES ("31bTflbN6wI" , "&quot;자극이 잘 오는 각도가 있다?&quot; 피지크 프로 조정현과 가슴 만들기!  [OT받으러왔슴다]", "MONSTERZYM 몬스터짐","가슴운동", "2022-05-03" ); 
INSERT INTO video (v_id, title, v_writer, category, reg_date) VALUES ("DYG0iVSznWI" , "과학으로 입증된 &#39;가슴근육&#39; 효과적으로 키우기 위해 무조건 해야 하는 &#39;가슴 운동&#39; 2가지는!? (크리스 범스테드, 닉 워커, 숀 클라리다)", "오늘의 머슬한입","가슴운동", "2022-08-28" ); 
INSERT INTO video (v_id, title, v_writer, category, reg_date) VALUES ("mnLzv7brYxA" , "김강민의 가슴 운동법, 루틴", "김강민_Kim Kang min","가슴운동", "2021-02-24" ); 
INSERT INTO video (v_id, title, v_writer, category, reg_date) VALUES ("bpoKc5OWRII" , "가슴운동 해도 &#39;아랫가슴&#39;라인이 안생기는 진짜 이유!? (딥스 자세 | 맨몸운동 루틴)", "헬창극장","가슴운동", "2022-09-15" ); 
INSERT INTO video (v_id, title, v_writer, category, reg_date) VALUES ("hbNsQznhTgs" , "가슴지방을 제거하는 가장 효과적인 방법 4가지!? (feat. 남자 &#39;여유증&#39; 원인)", "보통사람을 위한 운동채널","가슴운동", "2021-10-22" ); 
INSERT INTO video (v_id, title, v_writer, category, reg_date) VALUES ("VEQOcOFWd-0" , "[lil-로그]  가슴 아파도 나 이렇게 울어요 episode-25", "리틀 성엽","가슴운동", "2022-04-22" ); 
INSERT INTO video (v_id, title, v_writer, category, reg_date) VALUES ("3Pg5svU1kok" , "ㅁ 가슴 근육을 키우려면 이 4가지 운동만 하면 됩니다!", "일반인클라쓰 RONIE","가슴운동", "2021-09-12" ); 
INSERT INTO video (v_id, title, v_writer, category, reg_date) VALUES ("-307E-8gQTk" , "2022 가슴운동 풀루틴🔥 동생들과 레즈고‼️ / IFBBPRO 이준호", "이준호의 레즈고TV","가슴운동", "2022-08-18" ); 
INSERT INTO video (v_id, title, v_writer, category, reg_date) VALUES ("1BJSBBi0ios" , "김승민 나바 출격전 마지막 가슴운동 풀버전 (헤비급의 가슴훈련)", "야생마","가슴운동", "2022-09-02" ); 
INSERT INTO video (v_id, title, v_writer, category, reg_date) VALUES ("trZb_ECY6BU" , "아직도 정신 못 차렸네 이 형?", "잠백이","가슴운동", "2022-11-15" ); 
UPDATE video SET category = "가슴" WHERE category = "가슴운동";

-- 상체alter

INSERT INTO video (v_id, title, v_writer, category, reg_date) VALUES ("54tTYO-vU2E" , "상체 다이어트 최고의 운동 BEST [팔뚝살/겨드랑이살/등살/가슴어깨라인]", "Thankyou BUBU","상체운동", "2019-11-10" ); 
INSERT INTO video (v_id, title, v_writer, category, reg_date) VALUES ("2swcod5RYvU" , "[PPIYAK&#39;s FIT]Ejercicio de la parte superior del cuerpo en casa집에서하는 상체운동!Upper body workout at home", "삐약스핏 [살빼주는 병맛 다이어트채널]","상체운동", "2019-07-01" ); 
INSERT INTO video (v_id, title, v_writer, category, reg_date) VALUES ("xoWKLNwNva0" , "등, 가슴, 팔, 어깨 탄탄하게 만들기 - 덤벨 상체 운동 홈트 루틴", "빅씨스 Bigsis","상체운동", "2021-01-23" ); 
INSERT INTO video (v_id, title, v_writer, category, reg_date) VALUES ("XjEfUcZLbG4" , "🔥건장한 상체🔥가 여리+슬림+탄탄해지는 &#39;상체올킬루틴&#39; (7일효과: 팔뚝살,등살,뱃살 완전빠짐&amp;탄력up!!!)", "이지은 다이어트 Jiny diet","상체운동", "2021-08-17" ); 
INSERT INTO video (v_id, title, v_writer, category, reg_date) VALUES ("U7IH4wyVMBU" , "균형잡힌 탄탄한 상체와 멋진 자세를 위한 덤벨 상체 운동 홈트 22분", "빅씨스 Bigsis","상체운동", "2022-03-23" ); 
INSERT INTO video (v_id, title, v_writer, category, reg_date) VALUES ("QqqZH3j_vH0" , "상체비만 다이어트 최고의 운동 [상체 핵매운맛]", "Thankyou BUBU","상체운동", "2020-09-28" ); 
INSERT INTO video (v_id, title, v_writer, category, reg_date) VALUES ("C3TqpGgnIoI" , "상체 다이어트 운동 BEST [팔뚝살/겨드랑이살/가슴어깨/등살]", "Thankyou BUBU","상체운동", "2017-11-13" ); 
INSERT INTO video (v_id, title, v_writer, category, reg_date) VALUES ("e1DHt9wfQOA" , "NO 층간소음 - 20분 상체운동 루틴 + 스트레칭", "빅씨스 Bigsis","상체운동", "2021-02-04" ); 
INSERT INTO video (v_id, title, v_writer, category, reg_date) VALUES ("MknWfiAmqx8" , "덤벨 상체 운동 10분 루틴 - 팔, 가슴, 어깨, 등에 자극 대박이에요!! (Upper body workout with dumbbell)", "빵느","상체운동", "2022-07-04" ); 
INSERT INTO video (v_id, title, v_writer, category, reg_date) VALUES ("7NPwSCjqka0" , "운동 다시 시작하시게요? 헬스 초,중급 상체 루틴 가이드", "김강민_Kim Kang min","상체운동", "2020-09-16" ); 
INSERT INTO video (v_id, title, v_writer, category, reg_date) VALUES ("SjX5Hq59txg" , "헬스 초보자는 무조건 &#39;2분할&#39;하세요!  (일반인이 3분할/고분할법 루틴으로 근육량 늘릴수 없는 이유!?)", "보통사람을 위한 운동채널","상체운동", "2022-10-26" ); 
INSERT INTO video (v_id, title, v_writer, category, reg_date) VALUES ("gnVxKfJKv2M" , "상체근육 키우려면 무조건 &#39;이 운동&#39;하세요", "보통사람을 위한 운동채널","상체운동", "2022-04-03" ); 
INSERT INTO video (v_id, title, v_writer, category, reg_date) VALUES ("TY0HF4SMzhU" , "일반인의 &#39;근육량&#39;을 가장 빠르게 늘려주는 &#39;운동순서&#39;는?", "보통사람을 위한 운동채널","상체운동", "2021-12-19" ); 
INSERT INTO video (v_id, title, v_writer, category, reg_date) VALUES ("wmxQhM7fnFA" , "이 영상 하나로 상체운동 종결🔥 [15분 리얼타임 홈트레이닝]", "핏블리 FITVELY","상체운동", "2022-09-22" ); 
INSERT INTO video (v_id, title, v_writer, category, reg_date) VALUES ("RGfAAhZsKc4" , "상체살 빨리 빼고 싶다면, 지루한 러닝머신 30분 말고 이 &#39;상체유산소&#39; 운동 11분!", "이지은 다이어트 Jiny diet","상체운동", "2022-02-28" ); 
INSERT INTO video (v_id, title, v_writer, category, reg_date) VALUES ("Vx2yxXQ0Pkk" , "🏅요일별운동🏅 목요일 상체집중 근력운동 15분 루틴!", "힙으뜸","상체운동", "2020-12-17" ); 
INSERT INTO video (v_id, title, v_writer, category, reg_date) VALUES ("uTmsvZOAh5U" , "Lv.3 8분만에 상체전체를 탈탈 털어버리는 홈트루틴 (누구나 쉽게 가능)", "권혁TV","상체운동", "2020-05-13" ); 
INSERT INTO video (v_id, title, v_writer, category, reg_date) VALUES ("xj_oRxbcsps" , "언제 어디서든 할 수 있는 가슴 팔 어깨 등 상체운동", "강남허준 박용환tv","상체운동", "2022-02-28" ); 
INSERT INTO video (v_id, title, v_writer, category, reg_date) VALUES ("igSinYhgcvM" , "[상체편] 상체 덤벨운동의 끝판왕 - 두번째 달", "빅씨스 Bigsis","상체운동", "2021-04-25" ); 
INSERT INTO video (v_id, title, v_writer, category, reg_date) VALUES ("hgqSlNH_NYo" , "이거하면 다른운동 못함 (라인 정말예뻐짐)2주만 해보세요!", "소미핏 SomiFit","상체운동", "2019-09-04" ); 
INSERT INTO video (v_id, title, v_writer, category, reg_date) VALUES ("wuR-vSf2oFg" , "난리난 상체운동 겨드랑이살 팔뚝살 집중편 slim upper body, upper arm workout, lymphokinesis", "삐약스핏 [살빼주는 병맛 다이어트채널]","상체운동", "2020-04-06" ); 
INSERT INTO video (v_id, title, v_writer, category, reg_date) VALUES ("tgT19juksHs" , "등 근육 초고속 성장 &#39;상체 등 운동루틴&#39; 순서/횟수/세트/휴식시간 다이어트 루틴 공개!", "핏블리 FITVELY","상체운동", "2021-08-05" ); 
INSERT INTO video (v_id, title, v_writer, category, reg_date) VALUES ("x8-rNIlFKh0" , "로리 맥길로이도 즐겨한다는 상체 운동!! 등근육 만들기가 대세~~!!! 💗 투어프로처럼 운동하기 [3.상체편]", "김주희의 더 러브골프","상체운동", "2022-10-28" ); 
INSERT INTO video (v_id, title, v_writer, category, reg_date) VALUES ("rfviE1_fkPk" , "겨살, 부유방, 팔뚝살 한 번에 빼는 10분 운동 - 딱 2주만 하면 여름에 민소매 입고 싶어짐! (10min Upper body workout)", "빵느","상체운동", "2022-06-13" ); 
INSERT INTO video (v_id, title, v_writer, category, reg_date) VALUES ("AtOYND2_rjA" , "쫄쫄 상의를 자신있게 입어요!! 상체운동 5분만에 올킬!!", "강하나 스트레칭_stretching","상체운동", "2021-05-11" ); 
INSERT INTO video (v_id, title, v_writer, category, reg_date) VALUES ("XmouqUNwFdY" , "자꾸 민소매만 입고싶어지는 운동! 섹시하고 탄탄한 가슴,어깨,팔만들기! [덤벨 6분]", "소미핏 SomiFit","상체운동", "2018-03-22" ); 
INSERT INTO video (v_id, title, v_writer, category, reg_date) VALUES ("2phzIaSvyqc" , "무분할 상체완성 맨몸운동루틴 (도구 필요X) [오늘의루틴]", "키다리형","상체운동", "2019-07-08" ); 
INSERT INTO video (v_id, title, v_writer, category, reg_date) VALUES ("Xs4VLyU8-3g" , "승모근 자극 없는 최고의 상체운동 홈트루틴🔥 [웨이홈트]", "핏블리 FITVELY","상체운동", "2022-02-27" ); 
INSERT INTO video (v_id, title, v_writer, category, reg_date) VALUES ("voxhcy_oDGA" , "상체 덤벨 홈트레이닝 운동루틴🔥 사이드밴드/덤벨로우/백익스텐션/체스트스퀴즈 [웨이홈트]", "핏블리 FITVELY","상체운동", "2021-12-05" ); 
INSERT INTO video (v_id, title, v_writer, category, reg_date) VALUES ("H0sQWYlT40Y" , "상체비만 다이어트 운동 앉아서 하는 5분루틴  ep36 | 카이스트 해리&#39;s 스트레스제로 다이어트", "일지의 브레인TV","상체운동", "2022-09-13" ); 
INSERT INTO video (v_id, title, v_writer, category, reg_date) VALUES ("GZtB7W9Uafk" , "집에서 할 수 있는 상체운동 루틴 | 다이어트+근육증가 버전!! 이대로만 하세요", "핏블리 FITVELY","상체운동", "2020-11-25" ); 
INSERT INTO video (v_id, title, v_writer, category, reg_date) VALUES ("IS5OA7GeBJc" , "1분만에 상체살 끝장내기 1 MIN UPPER BODY&amp;ARM FAT WORKOUT", "Thankyou BUBU","상체운동", "2019-10-06" ); 
INSERT INTO video (v_id, title, v_writer, category, reg_date) VALUES ("Cb0yy0yHRUg" , "헬스장이 처음이라면 이대로만 따라하세요! 헬스 초보자용 가슴+어깨 상체운동 루틴", "핏블리 FITVELY","상체운동", "2020-05-15" ); 
INSERT INTO video (v_id, title, v_writer, category, reg_date) VALUES ("IyMGRHkPE3w" , "[ENG] 처진 가슴 올리고, 팔뚝살은 탄탄하게! 👍 여자라면 필수시청 해야하는 상체운동", "소피요가 Sophie Yoga","상체운동", "2022-08-18" ); 
INSERT INTO video (v_id, title, v_writer, category, reg_date) VALUES ("cUjNYSSlwts" , "기구없이❌ 따라하는 ALL 상체근육 홈트레이닝 루틴 (등, 가슴, 어깨, 팔, 복근)", "바벨라토르 홈트레이닝 BARBELLATOR","상체운동", "2021-07-20" ); 
INSERT INTO video (v_id, title, v_writer, category, reg_date) VALUES ("spdpIgmqt8U" , "상체운동(UPPER BODY) - 강하나 스트레칭(2018)", "강하나 스트레칭_stretching","상체운동", "2018-10-20" ); 
INSERT INTO video (v_id, title, v_writer, category, reg_date) VALUES ("Dw8PbebpF9w" , "심으뜸 헬스장 상체운동 루틴 upper body gym workout routine", "힙으뜸","상체운동", "2019-01-15" ); 
INSERT INTO video (v_id, title, v_writer, category, reg_date) VALUES ("cqOQ-G4F1CQ" , "[운동루틴] 허리 얇아 보이는 상체운동 루틴! 순서+반복수+무게 총정리", "핏블리 FITVELY","상체운동", "2022-09-19" ); 
INSERT INTO video (v_id, title, v_writer, category, reg_date) VALUES ("PSMeD5BVBiI" , "김종국이 추천하는 상체운동루틴 7가지..!", "강산","상체운동", "2021-01-31" ); 
INSERT INTO video (v_id, title, v_writer, category, reg_date) VALUES ("GU5ZPiYPwWA" , "2분할이 정답인 진짜 이유!? (2분할/3분할/고분할 비교)", "보통사람을 위한 운동채널","상체운동", "2022-03-13" ); 
INSERT INTO video (v_id, title, v_writer, category, reg_date) VALUES ("EmkgEJWj9MU" , "이 푸쉬업 100개 루틴이면 &#39;최강의 상체&#39;를 얻습니다 (팔굽혀펴기 운동 방법)", "헬마드 (헬스 건강 정보)","상체운동", "2022-10-25" ); 
INSERT INTO video (v_id, title, v_writer, category, reg_date) VALUES ("0L1bWdw0yx8" , "(Eng) 요일별 운동 [수요일] 앉아서 상체 군살 다 제거해주는 스트레칭", "엄마TV","상체운동", "2022-11-16" ); 
INSERT INTO video (v_id, title, v_writer, category, reg_date) VALUES ("cA8XBjSoo3w" , "중급 Day 3 - 7일 홈트 챌린지 - 올인원 운동 / 상체운동 + 유산소운동 (40분)", "빅씨스 Bigsis","상체운동", "2021-01-15" ); 
INSERT INTO video (v_id, title, v_writer, category, reg_date) VALUES ("PCLEMCSVx_M" , "다노 레전드 상체 스트레칭으로 허리/어깨통증/거북목 잠재우고, 겨살/팔살/등살 상체 군살까지 싹 정리!ㅣ다노티비", "DanoTV","상체운동", "2019-06-19" ); 
INSERT INTO video (v_id, title, v_writer, category, reg_date) VALUES ("zjfGs_iIIE8" , "반드시보세요!! 헬스장이 처음 이신 분들을 위한 완벽 루틴 정리(헬린이와 운동초보자분들을 위해)", "따라하면 몸이 좋아지는 채널, 고러쉬","상체운동", "2019-07-09" ); 
INSERT INTO video (v_id, title, v_writer, category, reg_date) VALUES ("w9_nD8SUwzA" , "초중급 Day 3 - 5일 홈트 초보 챌린지 - 올인원 운동 / 상체운동 + 근력 유산소 (48분)", "빅씨스 Bigsis","상체운동", "2021-02-02" ); 
UPDATE video SET category = "상체" WHERE category = "상체운동";

-- 하체

INSERT INTO video (v_id, title, v_writer, category, reg_date) VALUES ("QSCeJ__akl0" , "스쿼트 없이 하체를 키우는 최고의 하체운동", "근력발전소","하체운동", "2022-04-21" ); 
INSERT INTO video (v_id, title, v_writer, category, reg_date) VALUES ("3TyTGxBNwic" , "&#39;스쿼트&#39;를 하지 않고 하체 근육을 키우는 가장 빠른방법!? (feat.허벅지/엉덩이)", "보통사람을 위한 운동채널","하체운동", "2021-04-16" ); 
INSERT INTO video (v_id, title, v_writer, category, reg_date) VALUES ("9ehdY_9B5jY" , "&#39;종아리&#39;와 &#39;허벅지&#39;를 동시에 키우는 하체 운동 루틴!", "쇠질연구소","하체운동", "2021-12-14" ); 
INSERT INTO video (v_id, title, v_writer, category, reg_date) VALUES ("mS9iwXhycJI" , "가장 기본이 되는 필수 하체운동 l 레그 익스텐션", "강경원","하체운동", "2021-04-10" ); 
INSERT INTO video (v_id, title, v_writer, category, reg_date) VALUES ("js8z5wIZ0wg" , "(층간소음X, 설명O) 진짜 힘듦주의.. 🔥초강력🔥 힙으뜸 하체운동 2주 챌린지", "힙으뜸","하체운동", "2021-08-11" ); 
INSERT INTO video (v_id, title, v_writer, category, reg_date) VALUES ("KXYi6bI-UPE" , "Lv.5 13분만에 하체 마비시키는 루틴! 근육통100% 옵니다. (누구나 집에서 가능) 13mins intense Legs Workout", "권혁TV","하체운동", "2020-03-26" ); 
INSERT INTO video (v_id, title, v_writer, category, reg_date) VALUES ("dpBYYEhdofI" , "앞벅지 볼록, 뒷벅지 셀룰라이트, 허벅지 안쪽살 모조리 불태우고🔥 [여리탄탄 일자 허벅지] 되는 7일 루틴", "이지은 다이어트 Jiny diet","하체운동", "2021-06-21" ); 
INSERT INTO video (v_id, title, v_writer, category, reg_date) VALUES ("u5OgcZdNbMo" , "저는 &#39;하체&#39;식주의자 입니다..", "김종국 GYM JONG KOOK","하체운동", "2021-08-26" ); 
INSERT INTO video (v_id, title, v_writer, category, reg_date) VALUES ("NDsjmxTROEo" , "하체비만 11자다리 최고의 운동 [하체 핵매운맛]", "Thankyou BUBU","하체운동", "2020-08-02" ); 
INSERT INTO video (v_id, title, v_writer, category, reg_date) VALUES ("NE8SYssBhxo" , "모두가 기다린 하체운동 루틴", "김명섭의 헬스교실","하체운동", "2022-09-28" ); 
INSERT INTO video (v_id, title, v_writer, category, reg_date) VALUES ("pDFuLG0xrsU" , "🏅요일별운동🏅 금요일 하체집중 근력운동 15분 루틴!", "힙으뜸","하체운동", "2020-12-18" ); 
INSERT INTO video (v_id, title, v_writer, category, reg_date) VALUES ("V2Df-dEcypo" , "&#39;스쿼트&#39; 없이 하체근육 키우려면 &#39;이 운동&#39;을 알아야 합니다! (허벅지, 둔근, 햄스트링 운동 루틴)", "쇠질연구소","하체운동", "2022-10-08" ); 
INSERT INTO video (v_id, title, v_writer, category, reg_date) VALUES ("DWYDL-WxF1U" , "하체 날, 딱 10분 밖에 없다면 - 스쿼트 10가지 동작 - 하체운동 홈트 루틴", "빅씨스 Bigsis","하체운동", "2021-08-26" ); 
INSERT INTO video (v_id, title, v_writer, category, reg_date) VALUES ("35mO-32HukE" , "힘들고 재미없다고? 하체 운동의 중요성! | 운동이야기 22화", "강경원","하체운동", "2022-01-23" ); 
INSERT INTO video (v_id, title, v_writer, category, reg_date) VALUES ("kMUlw-O88kI" , "탄탄하고 갈라진 &#39;하체근육&#39; 만드는 방법!? (사딕 하조빅의 허벅지/하체 운동루틴)", "헬창극장","하체운동", "2022-08-02" ); 
INSERT INTO video (v_id, title, v_writer, category, reg_date) VALUES ("JkQSS8huEaw" , "스쿼트&#39;없이 &#39;하체근육’을 좋아지게 만드는 최고의 운동 방법! (대퇴사두, 엉덩이, 힙업, 허벅지)", "김명섭의 헬스교실","하체운동", "2022-11-08" ); 
INSERT INTO video (v_id, title, v_writer, category, reg_date) VALUES ("NTetHa7N1Mc" , "하체 근력을 강화하는 가장 빠른 방법, 50세 이후 필수 시청!  [50대 하체 운동, 중년 하체 운동, 런지, 햄스트링 컬, 볼 벽 스쿼트]", "건전지 - 건강을 전하는 지식","하체운동", "2022-05-29" ); 
INSERT INTO video (v_id, title, v_writer, category, reg_date) VALUES ("xpzMr3nSOIE" , "[한글 자막] X-HIT 마일리 사이러스 다리 운동", "코치미스쿨Coach ME School","하체운동", "2015-03-12" ); 
INSERT INTO video (v_id, title, v_writer, category, reg_date) VALUES ("48eKwtozuCo" , "(층간소음X, 설명O) 🔥무조건 빠짐🔥 다이어트 다짐한 사람들 다 들어와!!", "힙으뜸","하체운동", "2022-01-01" ); 
INSERT INTO video (v_id, title, v_writer, category, reg_date) VALUES ("tzN6ypk6Sps" , "하체운동이 중요한 이유? 이것만 보고 따라하자 ! [하체운동 교과서]", "김강민_Kim Kang min","하체운동", "2020-08-06" ); 
INSERT INTO video (v_id, title, v_writer, category, reg_date) VALUES ("V7pN02vCHdM" , "황철순과 하체운동", "김강민_Kim Kang min","하체운동", "2022-04-13" ); 
INSERT INTO video (v_id, title, v_writer, category, reg_date) VALUES ("EtmorK9lCc8" , "급속도로 빠지는 하체 운동🔥(안벅지,윗벅지,뒷벅지 모두 해결)-2주 챌린지", "강하나 스트레칭_stretching","하체운동", "2020-10-28" ); 
INSERT INTO video (v_id, title, v_writer, category, reg_date) VALUES ("0s9W3-CD0cE" , "다리가 길어보이는 힙딥 없는 힙업 운동 - 하체운동 25분", "빅씨스 Bigsis","하체운동", "2022-02-15" ); 
INSERT INTO video (v_id, title, v_writer, category, reg_date) VALUES ("ieGVQp_eRFs" , "ENG)하루의 전설! 하체토닝 20분verㅣ20min slim thigh workout", "제이제이살롱드핏","하체운동", "2020-03-24" ); 
INSERT INTO video (v_id, title, v_writer, category, reg_date) VALUES ("8UNMmdc0Lzw" , "허벅지 안쪽살 제거! 내전근 강화운동 (2주만 해보세요! 효과 미쳤어요!)", "소미핏 SomiFit","하체운동", "2019-09-30" ); 
INSERT INTO video (v_id, title, v_writer, category, reg_date) VALUES ("14Qnp7phr-E" , "하체운동의 모든것 (원리를 알면 무조건 된다!)", "김명섭의 헬스교실","하체운동", "2020-04-17" ); 
INSERT INTO video (v_id, title, v_writer, category, reg_date) VALUES ("D7iZMIy0C5E" , "제가 추천하는 부위별 운동 - 어깨, 팔, 하체 (초, 중급자 이 영상으로 끝내세요, 강경원 추천 루틴 완결편)", "강경원","하체운동", "2021-11-01" ); 
INSERT INTO video (v_id, title, v_writer, category, reg_date) VALUES ("VjSn47fR6tE" , "걷기 말고 이 하체 운동들을 6분만 하세요. 이것도 안하면 엉덩이, 허벅지 근육 싹다 빠집니다. 체력 기르는 운동 [40대 50대 60대 엉덩이 운동, 다리 운동]", "비만탈출 연구소 - 다이어트 실전 가이드","하체운동", "2022-10-09" ); 
INSERT INTO video (v_id, title, v_writer, category, reg_date) VALUES ("FS_hmVHlFVs" , "달리기에 최적화된 5분하체운동! 하체 중량운동을 하지 않는 이유?", "홍범석 tiger_stone.h","하체운동", "2022-04-02" ); 
INSERT INTO video (v_id, title, v_writer, category, reg_date) VALUES ("YRXxRvnceFs" , "무릎 통증 없이 누워서 하는 최고의 하체근력강화 운동, 50대 이상은 꼭 하세요! [50대 하체 운동, 중년 하체 운동]", "건전지 - 건강을 전하는 지식","하체운동", "2022-07-22" ); 
INSERT INTO video (v_id, title, v_writer, category, reg_date) VALUES ("jPoq8QmElGc" , "존 매도우의 스쿼트 없는 하체 운동", "세계적으로 유명한 운동 정보","하체운동", "2022-10-26" ); 
INSERT INTO video (v_id, title, v_writer, category, reg_date) VALUES ("4aI2kfahWP0" , "Lv.5 딱 11분! 노빠꾸 하체루틴! 근육UP 지방은DOWN!", "권혁TV","하체운동", "2020-09-02" ); 
INSERT INTO video (v_id, title, v_writer, category, reg_date) VALUES ("RBAUSUr5dNk" , "스쿼트 없이 가장 빠르게 하체를 키우는 최고의 하체운동!? [헬린이 탈출을 위한 운동정보]", "헬린이 탈출을 위한 운동정보","하체운동", "2022-11-01" ); 
INSERT INTO video (v_id, title, v_writer, category, reg_date) VALUES ("iW8WNgiYUzQ" , "하체운동, 30분 동안 집에서 부수기 (준비물 : 마음가짐...)", "따라하면 몸이 좋아지는 채널, 고러쉬","하체운동", "2020-12-21" ); 
INSERT INTO video (v_id, title, v_writer, category, reg_date) VALUES ("OBB_90o1xeE" , "프로선수들이 꼭 하는 하체 루틴", "김강민_Kim Kang min","하체운동", "2022-08-05" ); 
INSERT INTO video (v_id, title, v_writer, category, reg_date) VALUES ("X6k79vhhoDk" , "10분만 투자해주세요 제발... 하체운동편", "따라하면 몸이 좋아지는 채널, 고러쉬","하체운동", "2021-06-14" ); 
INSERT INTO video (v_id, title, v_writer, category, reg_date) VALUES ("bp4ZL2VbjuE" , "하체 운동 7가지, 43세트 - 강경원 루틴", "강경원","하체운동", "2021-01-16" ); 
INSERT INTO video (v_id, title, v_writer, category, reg_date) VALUES ("LLtIY1QPe0w" , "종목만 8개! 하체 운동의 교과서ㅣ국가대표 백재욱 하체 워크아웃", "개근질닷컴GGJ","하체운동", "2021-01-20" ); 
INSERT INTO video (v_id, title, v_writer, category, reg_date) VALUES ("GKt9ROHocyY" , "무릎관절에 무리 없는 50대 하체운동, 무릎통증 없이 매일 따라하세요!! [스쿼트대신하는 운동, 관절부담없는 운동, 중년운동, 50대운동, 중년하체운동]", "밝은건강TV","하체운동", "2022-10-14" ); 
INSERT INTO video (v_id, title, v_writer, category, reg_date) VALUES ("EOCRrs0WPHg" , "30분 이상 걷기 힘들다면 누워서 쉽게 매일 하세요. 통증없이 하체근력, 내전근을 강화하는 최고의 하체강화운동 [허벅지 안쪽 근육 근육 키우기, 내전근 운동]", "건전지 - 건강을 전하는 지식","하체운동", "2022-08-07" ); 
INSERT INTO video (v_id, title, v_writer, category, reg_date) VALUES ("aFfX3DVv6L4" , "운동할 시간 없는 분들!! 하체 근력이 없는 분들!! 오늘로 끝!!- 강하나 스트레칭(2020.08)", "강하나 스트레칭_stretching","하체운동", "2020-08-10" ); 
INSERT INTO video (v_id, title, v_writer, category, reg_date) VALUES ("pm3f2iAUU7s" , "세계선수권 금메달을 따게 해 준 일등공신 하체!! / 극시즌 운동 루틴 공개~~!", "설기관","하체운동", "2021-11-05" ); 
INSERT INTO video (v_id, title, v_writer, category, reg_date) VALUES ("4qqBQ0Xs4nc" , "엉덩이와 하체를 탄탄하게 - 하체운동 18분 - 덤벨운동 홈트", "빅씨스 Bigsis","하체운동", "2021-10-18" ); 
INSERT INTO video (v_id, title, v_writer, category, reg_date) VALUES ("7erin-2cpRo" , "하체운동 허벅지운동 런지! 홈트에서 많이 하는 운동!  잘못하시면 무릎박살납니다", "이득근","하체운동", "2019-08-28" ); 
INSERT INTO video (v_id, title, v_writer, category, reg_date) VALUES ("CzGU7aSdULs" , "너네 내가 약한줄 알았어? 하체운동 편", "준규빌더","하체운동", "2022-10-04" ); 
INSERT INTO video (v_id, title, v_writer, category, reg_date) VALUES ("saVNCLGvics" , "단기간 하체토닝 루틴, 힙업보장! 매일15분, 일주일만 해보세요!", "소미핏 SomiFit","하체운동", "2022-10-23" ); 
INSERT INTO video (v_id, title, v_writer, category, reg_date) VALUES ("hpzW0S4V20s" , "처진 엉덩이UP! 힙밴드 하체운동 홈트 루틴", "빅씨스 Bigsis","하체운동", "2020-12-13" ); 
INSERT INTO video (v_id, title, v_writer, category, reg_date) VALUES ("LK9e6mg4cmQ" , "허벅지살 다리살 최고의 운동", "Thankyou BUBU","하체운동", "2021-06-08" ); 
INSERT INTO video (v_id, title, v_writer, category, reg_date) VALUES ("YRWiroMGgdM" , "&#39;스쿼트100개&#39; 매일 하면 얻게 되는 엄청난 효과!?", "보통사람을 위한 운동채널","하체운동", "2022-09-07" ); 
INSERT INTO video (v_id, title, v_writer, category, reg_date) VALUES ("0Jv7Dq2If1A" , "과학으로 입증된 모든 ‘하체근육’ 한번에 키우는 가장 효과적인 운동 방법! (덤벨 하체 운동 루틴)", "오늘의 머슬한입","하체운동", "2022-10-20" ); 
UPDATE video SET category = "하체" WHERE category = "하체운동";

-- 전신

INSERT INTO video (v_id, title, v_writer, category, reg_date) VALUES ("gMaB-fG4u4g" , "전신 다이어트 최고의 운동 [칼소폭 찐 핵핵매운맛]", "Thankyou BUBU","전신운동", "2021-05-24" ); 
INSERT INTO video (v_id, title, v_writer, category, reg_date) VALUES ("A5MzlPgNcJM" , "(근육통주의!!!!) 🔥올인원🔥 전신 근력운동 50분 홈트레이닝", "힙으뜸","전신운동", "2022-03-16" ); 
INSERT INTO video (v_id, title, v_writer, category, reg_date) VALUES ("4kZHHPH6heY" , "NO 층간소음 - 고민없이 하나로 끝내는 전신운동 근력 유산소 - 운동 못한 날 죄책감 씻어줄 30분 홈트", "빅씨스 Bigsis","전신운동", "2021-04-05" ); 
INSERT INTO video (v_id, title, v_writer, category, reg_date) VALUES ("swRNeYw1JkY" , "하루 15분! 전신 칼로리 불태우는 다이어트 운동", "Thankyou BUBU","전신운동", "2018-04-16" ); 
INSERT INTO video (v_id, title, v_writer, category, reg_date) VALUES ("cMkZ6A7wngk" , "[ENG/ 전신 올인원 운동] 유튜브에서 다이어트 전신운동 찾았어요? 이제 딱 이거 하나만 해요! l diet workoutㅣ다노티비", "DanoTV","전신운동", "2019-01-06" ); 
INSERT INTO video (v_id, title, v_writer, category, reg_date) VALUES ("6sYMrAWBxs0" , "(층간소음X, 설명O) 땀폭발 다이어트 전신운동 20분루틴", "힙으뜸","전신운동", "2022-01-03" ); 
INSERT INTO video (v_id, title, v_writer, category, reg_date) VALUES ("46vQnzaZ6aU" , "(층간소음 X) 진짜 역대급 20분루틴ㅣ전신올인원 I 힙으뜸 유산소운동", "힙으뜸","전신운동", "2022-05-28" ); 
INSERT INTO video (v_id, title, v_writer, category, reg_date) VALUES ("sucNosF93w8" , "🔥출렁이는 지방🔥단기간에 빼고 싶으면 이 유산소운동 1달만 하세요. (유산소 다이어트/전신 유산소 타바타/칼로리 폭발 운동)", "비타민신지니 VitaminJINY","전신운동", "2020-06-22" ); 
INSERT INTO video (v_id, title, v_writer, category, reg_date) VALUES ("ml7IfUSfzCw" , "매일 ‘이 동작’을 6분씩 한 후로 헬스장 환불했다(ㅋㅋ) / 전신유산소운동", "비타민신지니 VitaminJINY","전신운동", "2021-05-17" ); 
INSERT INTO video (v_id, title, v_writer, category, reg_date) VALUES ("CkRDw4En_78" , "단시간 전신 다이어트 최고의 운동 [칼소폭 찐 핵매운맛]", "Thankyou BUBU","전신운동", "2020-09-14" ); 
INSERT INTO video (v_id, title, v_writer, category, reg_date) VALUES ("lPtENEtGDYU" , "(층간소음X) 설명 다 퍼주는 심으뜸 올인원 전신운동 50분루틴", "힙으뜸","전신운동", "2022-04-17" ); 
INSERT INTO video (v_id, title, v_writer, category, reg_date) VALUES ("TwAujNfKhqs" , "🔥하자마자 -0.5kg 빠짐 보장🔥전신 지방 칼로리 다 날려버리는 핵폭탄급 30분 걷기운동 (전신운동 다이어트, 유산소운동, 홈트)", "비타민신지니 VitaminJINY","전신운동", "2020-10-05" ); 
INSERT INTO video (v_id, title, v_writer, category, reg_date) VALUES ("RFuAK6FEeYY" , "🔥 올인원 20분 루틴으로 체지방과 칼로리 불태우기!🔥🔥", "힙으뜸","전신운동", "2022-07-15" ); 
INSERT INTO video (v_id, title, v_writer, category, reg_date) VALUES ("N7W4mvOyxIk" , "와...르세라핌이 ‘이 동작’으로 살을 뺐구나....[극강의 9분 전신운동]", "비타민신지니 VitaminJINY","전신운동", "2022-11-07" ); 
INSERT INTO video (v_id, title, v_writer, category, reg_date) VALUES ("WHK2SxCiTBw" , "안팎으로 탄탄 - 실루엣 잡아주는 32분 전신 근력 유산소 홈트", "빅씨스 Bigsis","전신운동", "2022-01-19" ); 
INSERT INTO video (v_id, title, v_writer, category, reg_date) VALUES ("myNjmnvI6x0" , "NO 층간소음 올인원 운동 - 40분 유산소운동 홈트 - 관절에 무리없이 체지방 태우기", "빅씨스 Bigsis","전신운동", "2021-01-22" ); 
INSERT INTO video (v_id, title, v_writer, category, reg_date) VALUES ("HqEQ7oazmjg" , "🔥허벅지살, 뱃살, 팔뚝살, 등살, 뒷구리살🔥을 &#39;한번에 모조리&#39; 불태우는 10분 루틴", "이지은 다이어트 Jiny diet","전신운동", "2021-05-17" ); 
INSERT INTO video (v_id, title, v_writer, category, reg_date) VALUES ("GoxGhz_6VRA" , "스쿼트 없는 근력 유산소 전신운동 - 관절에 무리없이 체지방 태우기 - 하체와 코어 강화", "빅씨스 Bigsis","전신운동", "2021-07-19" ); 
INSERT INTO video (v_id, title, v_writer, category, reg_date) VALUES ("lKwZ2DU4P-A" , "집에서 칼로리 불태우는 최고의 유산소운동 [칼소폭 매운맛]", "Thankyou BUBU","전신운동", "2020-01-07" ); 
INSERT INTO video (v_id, title, v_writer, category, reg_date) VALUES ("W8JpE-sdUAs" , "층간소음X 역대급 전신운동 50분루틴 I 1000kcal full body workout", "힙으뜸","전신운동", "2021-01-11" ); 
INSERT INTO video (v_id, title, v_writer, category, reg_date) VALUES ("3NlIO4PN-ic" , "하루 운동 이거로 끝! [유산소 + 미운지방] 한방에 정리하는 30분 홈트루틴🔥", "이지은 다이어트 Jiny diet","전신운동", "2020-12-09" ); 
INSERT INTO video (v_id, title, v_writer, category, reg_date) VALUES ("f6Xs2GwYs-g" , "근육량을 늘리면서 체지방을 줄이는 가장 빠른 맨몸 전신운동 루틴 / 하루 10분 지방 태우는 맨몸운동 루틴", "낭만호구","전신운동", "2022-01-24" ); 
INSERT INTO video (v_id, title, v_writer, category, reg_date) VALUES ("Nhgx_qkXinM" , "아침 딱 20분으로 하루를 상쾌하게! ☀️모닝 20분 전신운동 홈트 - NO 층간소음", "빅씨스 Bigsis","전신운동", "2021-02-22" ); 
INSERT INTO video (v_id, title, v_writer, category, reg_date) VALUES ("uVSAQxxmZBU" , "20분 루틴 - 송편타파 2 - 먹을만큼 먹었다. 언니랑 홈트 하자 - 전신운동 근력 유산소", "빅씨스 Bigsis","전신운동", "2022-09-12" ); 
INSERT INTO video (v_id, title, v_writer, category, reg_date) VALUES ("u01GK-Ehqn4" , "1번만 해도 ‘놀라운 변화’가 보이는 기적의 😈악마유산소😈 100% 효과보장", "비타민신지니 VitaminJINY","전신운동", "2022-07-04" ); 
INSERT INTO video (v_id, title, v_writer, category, reg_date) VALUES ("CTojmKLkWTo" , "전신 다이어트 최고의 운동 [칼소폭 핵매운맛]", "Thankyou BUBU","전신운동", "2020-06-29" ); 
INSERT INTO video (v_id, title, v_writer, category, reg_date) VALUES ("n2jX90Lerdo" , "과식 후🍖 추천하는 역대급 칼로리 소모 전신운동 루틴!", "제이제이살롱드핏","전신운동", "2021-09-21" ); 
INSERT INTO video (v_id, title, v_writer, category, reg_date) VALUES ("PHdzU1S50AY" , "🔥보기싫은 전신 지방🔥 양심적으로 오늘 많이 먹었으면 들어오세요. (전신운동 다이어트/칼로리폭발운동)", "비타민신지니 VitaminJINY","전신운동", "2020-06-15" ); 
INSERT INTO video (v_id, title, v_writer, category, reg_date) VALUES ("kep-E_blfYg" , "자켓 입어도 빛나는 바디라인 - 전신운동 25분 근력 유산소 홈트 루틴", "빅씨스 Bigsis","전신운동", "2021-11-15" ); 
INSERT INTO video (v_id, title, v_writer, category, reg_date) VALUES ("fUXcwnIYnaQ" , "※효과보장※ 층간소음X 칼로리 폭파 전신운동 40분루틴", "힙으뜸","전신운동", "2021-02-15" ); 
INSERT INTO video (v_id, title, v_writer, category, reg_date) VALUES ("n8zGSCTd1bA" , "톱모델 한혜진 살뺄 때 하는 15분 근력유산소 (한번만 해보세요)", "한혜진 Han Hye Jin","전신운동", "2022-09-15" ); 
INSERT INTO video (v_id, title, v_writer, category, reg_date) VALUES ("x6p61PXG8-U" , "혜리님…솔직히 이렇게 운동하는 건 반칙이죠…ㅠㅜ [역대급 20분 전신운동]", "비타민신지니 VitaminJINY","전신운동", "2022-08-08" ); 
INSERT INTO video (v_id, title, v_writer, category, reg_date) VALUES ("cl5cc1_5zZc" , "층간 소음 걱정 없이 체중 감량 보장! 딱 5분 운동!", "여리나핏","전신운동", "2019-01-03" ); 
INSERT INTO video (v_id, title, v_writer, category, reg_date) VALUES ("4AU4kY4CAio" , "전적으로 저를 믿고 따라오시면 체중감량을 무조건 약속드리는 아갈머리 전신유산소 / NO SQUAT, NO LUNGE, NO JUMP AEROBIC WORKOUT", "에이핏 afit","전신운동", "2021-05-10" ); 
INSERT INTO video (v_id, title, v_writer, category, reg_date) VALUES ("s14NQ6Cz4QE" , "살 빠지는 전신운동 루틴 with 피지컬갤러리", "힙으뜸","전신운동", "2019-11-02" ); 
INSERT INTO video (v_id, title, v_writer, category, reg_date) VALUES ("kQhDcWTzX5k" , "[올인원 50분 #7] 탄탄몸매 전신운동(층소X, 도구X)", "소미핏 SomiFit","전신운동", "2021-11-20" ); 
INSERT INTO video (v_id, title, v_writer, category, reg_date) VALUES ("_AH7u-q7V3M" , "맨몸으로 층간 소음 없이 빠르게 칼로리 태우는 전신 운동 루틴🔥 [근력 유산소: 웨이홈트]", "핏블리 FITVELY","전신운동", "2022-01-16" ); 
INSERT INTO video (v_id, title, v_writer, category, reg_date) VALUES ("nvLfw-11tr0" , "(층간소음NO) 체지방 아웃! 올인원 전신운동 20분루틴", "힙으뜸","전신운동", "2022-01-18" ); 
INSERT INTO video (v_id, title, v_writer, category, reg_date) VALUES ("zSJYAyoojdw" , "맨몸 전신운동 홈트레이닝 7가지! 초보자분들, 딱 4주만 따라해보세요! (설명+따라하기 영상)", "바벨라토르 홈트레이닝 BARBELLATOR","전신운동", "2020-02-08" ); 
INSERT INTO video (v_id, title, v_writer, category, reg_date) VALUES ("SfgH1FjMJXI" , "맨몸운동으로 탄탄몸매 만들기 - 올인원운동 전신 근력운동 홈트 루틴", "빅씨스 Bigsis","전신운동", "2021-08-16" ); 
INSERT INTO video (v_id, title, v_writer, category, reg_date) VALUES ("bSyrLu6RFCY" , "(층간소음X) 과식, 폭식한 사람들 다 들어와!!! 🔥급찐급빠 단기간 다이어트 운동루틴🔥", "힙으뜸","전신운동", "2021-09-20" ); 
INSERT INTO video (v_id, title, v_writer, category, reg_date) VALUES ("fyVjhH5F5x8" , "칼로리 소모 매운맛❤️ 15분 고강도 전신운동 - 체지방 감량에 효과적인 운동", "빵느","전신운동", "2022-09-26" ); 
INSERT INTO video (v_id, title, v_writer, category, reg_date) VALUES ("9BMzJXlTyl0" , "1번만 따라해도 ‘몸무게’가 금방 빠지는 전설의 😈지옥유산소😈 l 단기속성 버전!", "비타민신지니 VitaminJINY","전신운동", "2022-09-12" ); 
INSERT INTO video (v_id, title, v_writer, category, reg_date) VALUES ("kMeLXVViy8o" , "🔥600 칼로리 불태우기🔥살이 미친듯이 빠지는 전신 운동!!", "MIZI","전신운동", "2022-08-17" ); 
INSERT INTO video (v_id, title, v_writer, category, reg_date) VALUES ("XI-xucnJGJI" , "전신 살 빠지는 논스탑 30분 유산소!! 서서하는 운동💦점핑X 스쿼트X 런지X", "MIZI","전신운동", "2022-04-13" ); 
INSERT INTO video (v_id, title, v_writer, category, reg_date) VALUES ("vrHRahwnr04" , "폭풍 땀 샤워❤️ 15분 전신근력 유산소 운동 (층간소음X)", "빵느","전신운동", "2022-06-27" ); 
INSERT INTO video (v_id, title, v_writer, category, reg_date) VALUES ("9CgP4hvcOSk" , "정말 쉽고 신나게 체지방을 태워버리는 서서하는 전신운동 (NO 층간소음, NO 댄스동작, NO 관절부담)", "에이핏 afit","전신운동", "2022-02-17" ); 
INSERT INTO video (v_id, title, v_writer, category, reg_date) VALUES ("R6GHtRJLKQg" , "[7분] 고강도 전신, 기적의 체지방감량 운동! 통통살 컴온! (층소X)", "소미핏 SomiFit","전신운동", "2021-08-02" ); 
INSERT INTO video (v_id, title, v_writer, category, reg_date) VALUES ("ZjR_40LsBwc" , "살이 쭉쭉 빠지는 전신 근력, 유산소 운동 (feat.20분 홈트)", "엄마TV","전신운동", "2021-12-14" ); 
INSERT INTO video (v_id, title, v_writer, category, reg_date) VALUES ("4EKo44DUvjg" , "살이 너무 빠지는 죽음의 타바타 운동 (no 층간소음) / Beautiful tabata workout", "에이핏 afit","전신운동", "2020-05-20" ); 
UPDATE video SET category = "전신" WHERE category = "전신운동";


SELECT * FROM video;
DELETE FROM user;

-- ---------------------------------------------------------------------------------------

INSERT INTO user (u_id, pw, name, email, gender, phone_no, nickname, state_message, img, address, y, x) VALUES 
    ("id01", "1234", "강지수", "aaa@naver.com", "F", "01011110001", "지수", "안녕하세요. 강지수입니다.", "img_10", "대전 유성구 덕명동 171-105", "36.34701021969508", "127.29833853231926"),
    ("id02", "1234", "임영묵", "bbb@naver.com", "M", "01022220002", "영묵", "안녕하세요. 임영묵입니다.", "img_1", "대전 유성구 계산동 산 19-1", "36.3362705660295", "127.30453506126337"),
    ("id03", "1234", "최희수", "ccc@naver.com", "M", "01033330003", "희수", "안녕하세요. 최희수입니다.", "img_2", "대전 유성구 덕명동 517-7", "36.35884069755665", "127.30270661292722"),
    ("id04", "1234", "장유범", "ddd@naver.com", "M", "01044440004", "유범", "안녕하세요. 장유범입니다.", "img_3", "대전 유성구 구암동 665-4", "36.35966182697831", "127.30582946962629"),
    ("id05", "1234", "권오영", "eee@naver.com", "M", "01055550005", "오영", "안녕하세요. 권오영입니다.", "img_5", "대전 유성구 노은동 566", "36.36503384847293", "127.31922144995039"),
    ("id06", "1234", "이지우", "fff@naver.com", "M", "01066660006", "지우", "안녕하세요. 이지우입니다.", "img_4", "대전 유성구 노은동 552-2", "36.36591477449493", "127.31325261953671"),
    ("id07", "1234", "김소진", "ggg@naver.com", "M", "01077770007", "소진", "안녕하세요. 김소진입니다.", "img_2", "대전 유성구 장대동 232", "36.36198594017841", "127.32527373055804"),
    ("id08", "1234", "조원희", "hhh@naver.com", "F", "01088880008", "원희", "안녕하세요. 조원희입니다.", "img_6", "대전 유성구 궁동 335-24", "36.36548171026774", "127.33981466503975"),
    ("id09", "1234", "남기정", "iii@naver.com", "F", "01099990009", "기정", "안녕하세요. 남기정입니다.", "img_7", "대전 유성구 장대동 344", "36.36206436264534", "127.33730399138733"),
    ("id10", "1234", "손종효", "jjj@naver.com", "M", "01011110010", "종효", "안녕하세요. 손종효입니다.", "img_2", "대전 유성구 구암동 593-19", "36.353854509690144", "127.33414912670743"),
    ("id11", "1234", "이인호", "kkk@naver.com", "M", "01011110011", "인호", "안녕하세요. 이인호입니다.", "img_1", "대전 유성구 봉명동 546-7", "36.354036020433476", "127.34636031749167"),
    ("id12", "1234", "이진혁", "lll@naver.com", "M", "01011110012", "진혁", "안녕하세요. 이진혁입니다.", "img_3", "대전 유성구 구암동 643", "36.35105672546529", "127.32914624055105"),
    ("id13", "1234", "권지훈", "mmm@naver.com", "M", "01011110013", "지훈", "안녕하세요. 권지훈입니다.", "img_4", "대전 유성구 복용동 560-5", "36.34433280053918", "127.30933416401325"),
    ("id14", "1234", "이상민", "nnn@naver.com", "M", "01011110014", "상민", "안녕하세요. 이상민입니다.", "img_5", "대전 유성구 계산동 777", "36.34132782940818", "127.30032189456344"),
    ("id15", "1234", "허윤회", "ooo@naver.com", "M", "01011110015", "윤회", "안녕하세요. 허윤회입니다.", "img_4", "대전 유성구 복용동 612-1", "36.341292087007574", "127.31422333550162"),
    ("id16", "1234", "김승완", "ppp@naver.com", "M", "01011110016", "승완", "안녕하세요. 김승완입니다.", "img_2", "대전 유성구 학하동 755-8", "36.33690601220389", "127.3097503343562"),
    ("id17", "1234", "김이슬", "qqq@naver.com", "F", "01011110017", "이슬", "안녕하세요. 김이슬입니다.", "img_7", "대전 유성구 덕명동 177-3", "36.34675167671837", "127.29356968330627"),
    ("id18", "1234", "배성찬", "rrr@naver.com", "M", "01011110018", "성찬", "안녕하세요. 배성찬입니다.", "img_5", "대전 유성구 계산동 749", "36.337505971748584", "127.30066365579823"),
    ("id19", "1234", "신현광", "sss@naver.com", "M", "01011110019", "현광", "안녕하세요. 신현광입니다.", "img_4", "대전 유성구 지족동 1052", "36.37404008034734", "127.30757959430052"),
    ("id20", "1234", "유도열", "ttt@naver.com", "M", "01011110020", "도열", "안녕하세요. 유도열입니다.", "img_3", "대전 유성구 죽동 604-14", "36.38235490086694", "127.32571171149881"),
    ("id21", "1234", "이수빈", "uuu@naver.com", "F", "01011110021", "수빈", "안녕하세요. 이수빈입니다.", "img_9", "대전 유성구 죽동 720-1", "36.37251356102887", "127.3388646158559"),
    ("id22", "1234", "이정현", "vvv@naver.com", "M", "01011110022", "정현", "안녕하세요. 이정현입니다.", "img_1", "대전 유성구 궁동 451-3", "36.36212149357306", "127.3425632818345"),
    ("id23", "1234", "장재욱", "www@naver.com", "M", "01011110023", "재욱", "안녕하세요. 장재욱입니다.", "img_2", "대전 유성구 봉명동 555-5", "36.351242307689354", "127.34010926733833"),
    ("id24", "1234", "현승민", "xxx@naver.com", "M", "01011110024", "승민", "안녕하세요. 현승민입니다.", "img_2", "대전 유성구 상대동 493", "36.34469442079359", "127.33562496703064"),
    ("id25", "1234", "황대웅", "yyy@naver.com", "M", "01011110025", "대웅", "안녕하세요. 황대웅입니다.", "img_3", "대전 유성구 복용동 581-1", "36.34298663533501", "127.31409647112005"),
    ("id26", "1234", "정호석", "zzz@naver.com", "F", "01011110026", "호석", "안녕하세요. 정호석입니다.", "img_4", "대전 유성구 학하동 818", "36.33714963263322", "127.31309284710188"),
    ("id27", "1234", "고소영", "aaaa@naver.com", "F", "01011110027", "소영", "안녕하세요. 고소영입니다.", "img_9", "대전 유성구 계산동 757-5", "36.33747339158025", "127.29928235118189"),
    ("id28", "1234", "배수지", "bbbb@naver.com", "F", "01011110028", "수지", "안녕하세요. 배수지입니다.", "img_10", "대전 서구 도안동 1496", "36.32386768381164", "127.34529129586736"),
    ("id29", "1234", "차은우", "cccc@naver.com", "M", "01011110029", "은우", "안녕하세요. 차은우입니다.", "img_5", "대전 유성구 대정동 308-3", "36.31542433562745", "127.32244876705445"),
    ("id30", "1234", "우도환", "dddd@naver.com", "M", "01011110030", "도환", "안녕하세요. 우도환입니다.", "img_4", "대전 유성구 덕명동 627", "36.34763590321172", "127.30039067760532"),
    ("id31", "1234", "강동원", "eeee@naver.com", "M", "01011110031", "동원", "안녕하세요. 강동원입니다.", "img_2", "대전 유성구 학하동 747-5", "36.33886772772521", "127.31084969818309"),
    ("id32", "1234", "고수", "ffff@naver.com", "M", "01011110032", "고수", "안녕하세요. 고수입니다.", "img_3", "대전 유성구 학하동 520-2", "36.333359521180306", "127.31161860825208"),
    ("id33", "1234", "남지현", "gggg@naver.com", "F", "01011110033", "지현", "안녕하세요. 남지현입니다.", "img_8", "대전 유성구 계산동 산 22-1", "36.33175433788338", "127.30505209450267"),
    ("id34", "1234", "마동석", "hhhh@naver.com", "M", "01011110034", "동석", "안녕하세요. 마동석입니다.", "img_4", "대전 유성구 궁동 220", "36.36720710458046", "127.34776695973888"),
    ("id35", "1234", "장동건", "iiii@naver.com", "M", "01011110035", "동건", "안녕하세요. 장동건입니다.", "img_5", "대전 유성구 지족동 915", "36.37506464564686", "127.32230471491125"),
    ("id36", "1234", "원빈", "jjjj@naver.com", "M", "01011110036", "원빈", "안녕하세요. 원빈입니다.", "img_4", "대전 유성구 계산동 787", "36.33806646070158", "127.2999640763652"),
    ("id37", "1234", "김헤수", "kkkk@naver.com", "F", "01011110037", "혜수", "안녕하세요. 김혜수입니다.", "img_10", "대전 유성구 덕명동 608-6", "36.34544631573024", "127.30384670742382"),
	("id38", "1234", "유연석", "llll@naver.com", "M", "01011110038", "연석", "안녕하세요. 유연석입니다.", "img_2", "대전 유성구 복용동 638", "36.34476012544987", "127.31135211775415"),
    ("id39", "1234", "한해", "mmmm@naver.com", "M", "01011110039", "한해", "안녕하세요. 한해입니다.", "img_2", "대전 유성구 용계동 677-1", "36.331690744985956", "127.33228355831542"),
    ("id40", "1234", "강하늘", "nnnn@naver.com", "M", "01011110040", "하늘", "안녕하세요. 강하늘입니다.", "img_1", "대전 유성구 용계동 683", "36.330149610527286", "127.3355514361536"),
    ("id41", "1234", "정소민", "oooo@naver.com", "F", "01011110041", "소민", "안녕하세요. 정소민입니다.", "img_7", "대전 유성구 덕명동 587-16", "36.35000379533997", "127.2976703931524"),
    ("id42", "1234", "이동국", "pppp@naver.com", "M", "01011110042", "동국", "안녕하세요. 이동국입니다.", "img_3", "대전 유성구 구암동 670-3", "36.359287457015746", "127.30773322692804"),
    ("id43", "1234", "류준열", "qqqq@naver.com", "M", "01011110043", "준열", "안녕하세요. 류준열입니다.", "img_1", "대전 유성구 덕명동 519-8", "36.358164003277714", "127.30302709576414"),
    ("id44", "1234", "유해진", "rrrr@naver.com", "M", "01011110044", "해진", "안녕하세요. 유해진입니다.", "img_5", "대전 유성구 상대동 570-92", "36.33486032603686", "127.32995800517034"),
    ("id45", "1234", "전종서", "ssss@naver.com", "F", "01011110045", "종서", "안녕하세요. 전종서입니다.", "img_6", "대전 서구 도안동 966", "36.329198626271854", "127.34356625233087"),
    ("id46", "1234", "김무열", "tttt@naver.com", "M", "01011110046", "무열", "안녕하세요. 김무열입니다.", "img_4", "대전 서구 관저동 1765", "36.3017519730298", "127.3360532243488"),
    ("id47", "1234", "박승아", "uuuu@naver.com", "F", "01011110047", "승아", "안녕하세요. 박승아입니다.", "img_8", "대전 서구 도안동 1860", "36.30977611849389", "127.35354668846901"),
    ("id48", "1234", "김래원", "vvvv@naver.com", "M", "01011110048", "래원", "안녕하세요. 김래원입니다.", "img_4", "대전 유성구 원내동 91-11", "36.30172672228446", "127.31895213756468"),
    ("id49", "1234", "박보검", "wwww@naver.com", "M", "01011110049", "보검", "안녕하세요. 박보검입니다.", "img_2", "대전 유성구 갑동 388-75", "36.36146520736443", "127.29466113817709"),
	("id50", "1234", "김태리", "xxxx@naver.com", "F", "01011110050", "태리", "안녕하세요. 김태리입니다.", "img_6", "대전 유성구 덕명동 산 10-11", "36.350169592804136", "127.306939796446");

SELECT *
FROM user;

INSERT INTO message(from_user, to_user, content)
VALUES
("id03", "id05", "오영아 안녕"),
("id02", "id05", "오영 하이 ㅋㅋ"),
("id01", "id05", "야 머하냐"),
("id05", "id03", "누구세요"),
("id05", "id02", "??왜"),
("id05", "id03", "머여"),
("id03", "id05", "ㅇㄱㄹ"),
("id03", "id04", "뭐이자시가"),
("id02", "id04", "허허"),
("id05", "id01", "하이룽");

SELECT * FROM message;
select * from user;
DELETE FROM user 
WHERE u_id = "ㅁㄴㅇㄹ";

